date,time,provider,device_name,latitude,longtitude,speed,ldws,lkas
2020-10-23,14:51:28,,,,,28,0,0
2020-10-23,14:51:29,,,,,27,0,1
2020-10-23,14:51:30,,,,,27,0,1
2020-10-23,14:51:31,,,,,28,0,1
2020-10-23,14:51:32,,,,,29,0,1
2020-10-23,14:51:33,,,,,29,0,1
2020-10-23,14:51:34,,,,,29,0,1
2020-10-23,14:51:35,,,,,29,0,1
2020-10-23,14:51:36,,,,,29,0,1
2020-10-23,14:51:37,,,,,28,0,1
2020-10-23,14:51:38,,,,,27,0,1
2020-10-23,14:51:39,,,,,26,0,1
2020-10-23,14:51:40,,,,,26,0,1
2020-10-23,14:51:41,,,,,26,0,1
2020-10-23,14:51:42,,,,,26,0,1
2020-10-23,14:51:43,,,,,26,0,1
2020-10-23,14:51:44,,,,,27,0,1
2020-10-23,14:51:45,,,,,28,0,1
2020-10-23,14:51:46,,,,,29,0,1
2020-10-23,14:51:47,,,,,30,0,1
2020-10-23,14:51:48,,,,,31,0,1
2020-10-23,14:51:49,,,,,32,0,1
2020-10-23,14:51:50,,,,,32,0,1
2020-10-23,14:51:51,,,,,32,0,1
2020-10-23,14:51:52,,,,,32,0,1
2020-10-23,14:51:53,,,,,33,0,1
2020-10-23,14:51:54,,,,,33,0,1
2020-10-23,14:51:55,,,,,33,0,1
2020-10-23,14:51:56,,,,,33,0,1
2020-10-23,14:51:57,,,,,33,0,1
2020-10-23,14:51:58,,,,,33,0,1
2020-10-23,14:51:59,,,,,33,0,1
2020-10-23,14:52:00,,,,,33,0,1
2020-10-23,14:52:01,,,,,33,0,1
2020-10-23,14:52:02,,,,,34,0,1
2020-10-23,14:52:03,,,,,34,0,1
2020-10-23,14:52:04,,,,,35,0,1
2020-10-23,14:52:05,,,,,36,0,1
2020-10-23,14:52:06,,,,,36,0,1
2020-10-23,14:52:07,,,,,36,0,1
2020-10-23,14:52:08,,,,,53,0,1
2020-10-23,14:52:09,,,,,43,0,1
2020-10-23,14:52:10,,,,,34,0,1
2020-10-23,14:52:11,,,,,43,0,1
2020-10-23,14:52:12,,,,,43,0,1
2020-10-23,14:52:13,,,,,34,0,1
2020-10-23,14:52:14,,,,,53,0,1
2020-10-23,14:52:15,,,,,36,0,1
2020-10-23,14:52:16,,,,,37,0,1
2020-10-23,14:52:17,,,,,73,0,1
2020-10-23,14:52:18,,,,,38,0,1
2020-10-23,14:52:19,,,,,38,0,1
2020-10-23,14:52:20,,,,,39,0,1
2020-10-23,14:52:21,,,,,39,0,1
2020-10-23,14:52:22,,,,,39,0,1
2020-10-23,14:52:23,,,,,40,0,1
2020-10-23,14:52:24,,,,,40,0,1
2020-10-23,14:52:25,,,,,40,0,1
2020-10-23,14:52:26,,,,,40,0,1
2020-10-23,14:52:27,,,,,40,0,1
2020-10-23,14:52:28,,,,,40,0,1
2020-10-23,14:52:29,,,,,40,0,1
2020-10-23,14:52:30,,,,,40,0,1
2020-10-23,14:52:31,,,,,40,0,1
2020-10-23,14:52:32,,,,,40,0,1
2020-10-23,14:52:33,,,,,41,0,1
2020-10-23,14:52:34,,,,,41,0,1
2020-10-23,14:52:35,,,,,40,0,1
2020-10-23,14:52:36,,,,,40,0,1
2020-10-23,14:52:37,,,,,40,0,1
2020-10-23,14:52:38,,,,,40,0,1
2020-10-23,14:52:39,,,,,43,0,1
2020-10-23,14:52:40,,,,,44,0,1
2020-10-23,14:52:41,,,,,45,0,1
2020-10-23,14:52:42,,,,,45,0,1
2020-10-23,14:52:43,,,,,54,0,1
2020-10-23,14:52:44,,,,,43,0,1
2020-10-23,14:52:45,,,,,42,0,1
2020-10-23,14:52:46,,,,,41,0,1
2020-10-23,14:52:47,,,,,41,0,1
2020-10-23,14:52:48,,,,,40,0,1
2020-10-23,14:52:49,,,,,39,0,1
2020-10-23,14:52:50,,,,,39,0,1
2020-10-23,14:52:51,,,,,39,0,1
2020-10-23,14:52:52,,,,,39,0,1
2020-10-23,14:52:53,,,,,39,0,1
2020-10-23,14:52:54,,,,,38,0,1
2020-10-23,14:52:55,,,,,38,0,1
2020-10-23,14:52:56,,,,,38,0,1
2020-10-23,14:52:57,,,,,38,0,1
2020-10-23,14:52:58,,,,,38,0,1
2020-10-23,14:52:59,,,,,38,0,1
2020-10-23,14:53:00,,,,,38,0,1
2020-10-23,14:53:01,,,,,38,0,1
2020-10-23,14:53:02,,,,,38,0,1
2020-10-23,14:53:03,,,,,39,0,1
2020-10-23,14:53:04,,,,,39,0,1
2020-10-23,14:53:05,,,,,39,0,1
2020-10-23,14:53:06,,,,,40,0,1
2020-10-23,14:53:07,,,,,41,0,1
2020-10-23,14:53:08,,,,,41,0,1
2020-10-23,14:53:09,,,,,42,0,1
2020-10-23,14:53:10,,,,,42,0,1
2020-10-23,14:53:11,,,,,42,0,1
2020-10-23,14:53:12,,,,,43,0,1
2020-10-23,14:53:13,,,,,44,0,1
2020-10-23,14:53:14,,,,,44,0,1
2020-10-23,14:53:15,,,,,44,0,1
2020-10-23,14:53:16,,,,,45,0,1
2020-10-23,14:53:17,,,,,45,0,1
2020-10-23,14:53:18,,,,,45,0,1
2020-10-23,14:53:19,,,,,45,0,1
2020-10-23,14:53:20,,,,,45,0,1
2020-10-23,14:53:21,,,,,46,0,1
2020-10-23,14:53:22,,,,,46,0,1
2020-10-23,14:53:23,,,,,46,0,1
2020-10-23,14:53:24,,,,,46,0,1
2020-10-23,14:53:25,,,,,46,0,1
2020-10-23,14:53:26,,,,,45,0,1
2020-10-23,14:53:27,,,,,44,0,1
2020-10-23,14:53:28,,,,,44,0,1
2020-10-23,14:53:29,,,,,43,0,1
2020-10-23,14:53:30,,,,,42,0,1
2020-10-23,14:53:31,,,,,42,0,1
2020-10-23,14:53:32,,,,,41,0,1
2020-10-23,14:53:33,,,,,40,0,1
2020-10-23,14:53:34,,,,,40,0,1
2020-10-23,14:53:35,,,,,39,0,1
2020-10-23,14:53:36,,,,,39,0,1
2020-10-23,14:53:37,,,,,39,0,1
2020-10-23,14:53:38,,,,,39,0,1
2020-10-23,14:53:39,,,,,39,0,1
2020-10-23,14:53:40,,,,,39,0,1
2020-10-23,14:53:41,,,,,37,0,1
2020-10-23,14:53:42,,,,,63,0,1
2020-10-23,14:53:43,,,,,53,0,1
2020-10-23,14:53:44,,,,,43,0,1
2020-10-23,14:53:45,,,,,34,0,1
2020-10-23,14:53:46,,,,,34,0,1
2020-10-23,14:53:47,,,,,34,0,1
2020-10-23,14:53:48,,,,,34,0,1
2020-10-23,14:53:49,,,,,33,0,1
2020-10-23,14:53:50,,,,,32,0,1
2020-10-23,14:53:51,,,,,31,0,1
2020-10-23,14:53:52,,,,,31,0,1
2020-10-23,14:53:54,,,,,30,0,0
2020-10-23,14:53:55,,,,,28,0,1
2020-10-23,14:53:56,,,,,25,0,1
2020-10-23,14:53:57,,,,,27,0,0
2020-10-23,14:53:58,,,,,29,0,1
2020-10-23,14:53:59,,,,,32,0,1
2020-10-23,14:54:00,,,,,34,0,1
2020-10-23,14:54:01,,,,,37,0,1
2020-10-23,14:54:02,,,,,40,0,1
2020-10-23,14:54:03,,,,,42,0,1
2020-10-23,14:54:04,,,,,44,0,1
2020-10-23,14:54:05,,,,,45,0,1
2020-10-23,14:54:06,,,,,42,0,1
2020-10-23,14:54:07,,,,,39,0,1
2020-10-23,14:54:08,,,,,37,0,1
2020-10-23,14:54:09,,,,,35,0,1
2020-10-23,14:54:10,,,,,33,0,1
2020-10-23,14:54:11,,,,,31,0,1
2020-10-23,14:54:12,,,,,30,0,1
2020-10-23,14:54:13,,,,,28,0,1
2020-10-23,14:54:14,,,,,26,0,1
2020-10-23,14:54:15,,,,,24,0,1
2020-10-23,14:54:16,,,,,21,0,1
2020-10-23,14:54:17,,,,,15,0,1
2020-10-23,14:54:18,,,,,11,0,1
2020-10-23,14:54:19,,,,,8,0,1
2020-10-23,14:54:20,,,,,7,0,0
2020-10-23,14:54:21,,,,,6,0,0
2020-10-23,14:54:22,,,,,6,0,0
2020-10-23,14:54:23,,,,,6,0,0
2020-10-23,14:54:24,,,,,8,0,0
2020-10-23,14:54:25,,,,,12,0,0
2020-10-23,14:54:26,,,,,15,0,0
2020-10-23,14:54:27,,,,,15,0,0
2020-10-23,14:54:28,,,,,15,0,0
2020-10-23,14:54:29,,,,,14,0,0
2020-10-23,14:54:30,,,,,13,0,0
2020-10-23,14:54:31,,,,,11,0,0
2020-10-23,14:54:32,,,,,10,0,0
2020-10-23,14:54:33,,,,,9,0,0
2020-10-23,14:54:34,,,,,7,0,0
2020-10-23,14:54:35,,,,,3,0,0
2020-10-23,14:54:36,,,,,1,0,0
2020-10-23,14:54:37,,,,,0,0,0
2020-10-23,14:54:38,,,,,1,0,0
2020-10-23,14:54:39,,,,,2,0,0
2020-10-23,14:54:40,,,,,2,0,0
2020-10-23,14:54:41,,,,,2,0,0
2020-10-23,14:54:42,,,,,3,0,0
2020-10-23,14:54:43,,,,,3,0,0
2020-10-23,14:54:44,,,,,4,0,0
2020-10-23,14:54:45,,,,,5,0,0
2020-10-23,14:54:46,,,,,6,0,0
2020-10-23,14:54:47,,,,,6,0,0
2020-10-23,14:54:48,,,,,7,0,0
2020-10-23,14:54:49,,,,,7,0,0
2020-10-23,14:54:50,,,,,8,0,0
2020-10-23,14:54:51,,,,,8,0,0
2020-10-23,14:54:52,,,,,7,0,0
2020-10-23,14:54:53,,,,,7,0,0
2020-10-23,14:54:54,,,,,7,0,0
2020-10-23,14:54:55,,,,,8,0,0
2020-10-23,14:54:56,,,,,9,0,1
2020-10-23,14:54:57,,,,,13,0,1
2020-10-23,14:54:58,,,,,16,0,1
2020-10-23,14:54:59,,,,,19,0,1
2020-10-23,14:55:00,,,,,22,0,1
2020-10-23,14:55:01,,,,,25,0,1
2020-10-23,14:55:02,,,,,26,0,1
2020-10-23,14:55:03,,,,,27,0,1
2020-10-23,14:55:04,,,,,27,0,1
2020-10-23,14:55:05,,,,,26,0,1
2020-10-23,14:55:06,,,,,28,0,1
2020-10-23,14:55:07,,,,,21,0,1
2020-10-23,14:55:08,,,,,20,0,1
2020-10-23,14:55:09,,,,,20,0,1
2020-10-23,14:55:10,,,,,19,0,1
2020-10-23,14:55:11,,,,,19,0,1
2020-10-23,14:55:12,,,,,19,0,0
2020-10-23,14:55:13,,,,,19,0,0
2020-10-23,14:55:14,,,,,19,0,0
2020-10-23,14:55:15,,,,,19,0,1
2020-10-23,14:55:16,,,,,19,0,0
2020-10-23,14:55:17,,,,,18,0,1
2020-10-23,14:55:18,,,,,16,0,1
2020-10-23,14:55:19,,,,,16,0,1
2020-10-23,14:55:20,,,,,16,0,0
2020-10-23,14:55:21,,,,,16,0,0
2020-10-23,14:55:22,,,,,18,0,0
2020-10-23,14:55:23,,,,,21,0,0
2020-10-23,14:55:24,,,,,24,0,0
2020-10-23,14:55:25,,,,,72,0,0
2020-10-23,14:55:26,,,,,28,0,1
2020-10-23,14:55:27,,,,,30,0,1
2020-10-23,14:55:28,,,,,32,0,1
2020-10-23,14:55:29,,,,,33,1,1
2020-10-23,14:55:30,,,,,35,0,1
2020-10-23,14:55:31,,,,,37,0,1
2020-10-23,14:55:32,,,,,37,0,1
2020-10-23,14:55:33,,,,,37,0,1
2020-10-23,14:55:34,,,,,38,0,1
2020-10-23,14:55:35,,,,,38,0,1
2020-10-23,14:55:36,,,,,38,0,1
2020-10-23,14:55:37,,,,,39,0,1
2020-10-23,14:55:38,,,,,38,0,1
2020-10-23,14:55:39,,,,,38,0,1
2020-10-23,14:55:40,,,,,37,0,1
2020-10-23,14:55:41,,,,,37,0,1
2020-10-23,14:55:42,,,,,36,0,1
2020-10-23,14:55:43,,,,,35,0,1
2020-10-23,14:55:44,,,,,34,0,1
2020-10-23,14:55:45,,,,,33,0,1
2020-10-23,14:55:46,,,,,32,0,0
2020-10-23,14:55:47,,,,,31,0,1
2020-10-23,14:55:48,,,,,31,0,1
2020-10-23,14:55:49,,,,,31,0,1
2020-10-23,14:55:50,,,,,31,0,1
2020-10-23,14:55:51,,,,,31,0,1
2020-10-23,14:55:52,,,,,31,0,1
2020-10-23,14:55:53,,,,,31,0,1
2020-10-23,14:55:54,,,,,31,0,1
2020-10-23,14:55:55,,,,,31,0,1
2020-10-23,14:55:56,,,,,31,0,1
2020-10-23,14:55:57,,,,,31,0,1
2020-10-23,14:55:58,,,,,31,0,1
2020-10-23,14:55:59,,,,,31,0,1
2020-10-23,14:56:00,,,,,31,0,1
2020-10-23,14:56:01,,,,,31,0,1
2020-10-23,14:56:02,,,,,26,0,1
2020-10-23,14:56:03,,,,,21,0,1
2020-10-23,14:56:04,,,,,16,0,1
2020-10-23,14:56:05,,,,,11,0,1
2020-10-23,14:56:06,,,,,6,0,1
2020-10-23,14:56:07,,,,,1,1,1
2020-10-23,14:56:08,,,,,1,0,1
2020-10-23,14:56:09,,,,,1,0,1
2020-10-23,14:56:10,,,,,1,0,1
2020-10-23,14:56:11,,,,,1,0,1
2020-10-23,14:56:12,,,,,1,0,1
2020-10-23,14:56:13,,,,,1,0,1
2020-10-23,14:56:14,,,,,1,0,1
2020-10-23,14:56:15,,,,,1,0,1
2020-10-23,14:56:16,,,,,1,0,1
2020-10-23,14:56:17,,,,,1,0,1
2020-10-23,14:56:18,,,,,1,0,1
2020-10-23,14:56:19,,,,,1,0,1
2020-10-23,14:56:20,,,,,1,0,1
2020-10-23,14:56:21,,,,,1,0,1
2020-10-23,14:56:22,,,,,1,0,1
2020-10-23,14:56:23,,,,,1,0,1
2020-10-23,14:56:24,,,,,1,0,1
2020-10-23,14:56:25,,,,,1,0,1
2020-10-23,14:56:26,,,,,1,0,1
2020-10-23,14:56:27,,,,,1,0,1
2020-10-23,14:56:28,,,,,1,0,1
2020-10-23,14:56:29,,,,,1,0,1
2020-10-23,14:56:30,,,,,1,0,1
2020-10-23,14:56:31,,,,,1,0,1
2020-10-23,14:56:32,,,,,1,0,1
2020-10-23,14:56:33,,,,,1,0,1
2020-10-23,14:56:34,,,,,1,0,1
2020-10-23,14:56:35,,,,,1,0,1
2020-10-23,14:56:36,,,,,1,0,1
2020-10-23,14:56:37,,,,,1,0,1
2020-10-23,14:56:38,,,,,1,1,1
2020-10-23,14:56:39,,,,,1,0,1
2020-10-23,14:56:40,,,,,1,0,1
2020-10-23,14:56:41,,,,,1,0,0
2020-10-23,14:56:42,,,,,1,1,1
2020-10-23,14:56:43,,,,,1,0,1
2020-10-23,14:56:44,,,,,1,0,1
2020-10-23,14:56:45,,,,,1,0,1
2020-10-23,14:56:46,,,,,1,0,1
2020-10-23,14:56:47,,,,,1,0,1
2020-10-23,14:56:48,,,,,1,0,1
2020-10-23,14:56:49,,,,,2,0,1
2020-10-23,14:56:50,,,,,3,0,1
2020-10-23,14:56:51,,,,,4,0,1
2020-10-23,14:56:52,,,,,4,0,1
2020-10-23,14:56:53,,,,,5,0,1
2020-10-23,14:56:54,,,,,6,0,1
2020-10-23,14:56:55,,,,,7,0,1
2020-10-23,14:56:56,,,,,7,0,1
2020-10-23,14:56:57,,,,,7,0,1
2020-10-23,14:56:58,,,,,7,0,1
2020-10-23,14:56:59,,,,,7,0,1
2020-10-23,14:57:00,,,,,7,0,1
2020-10-23,14:57:01,,,,,7,0,1
2020-10-23,14:57:02,,,,,7,0,1
2020-10-23,14:57:03,,,,,7,0,1
2020-10-23,14:57:04,,,,,7,0,1
2020-10-23,14:57:05,,,,,5,0,1
2020-10-23,14:57:06,,,,,3,0,1
2020-10-23,14:57:07,,,,,1,0,1
2020-10-23,14:57:08,,,,,6,0,1
2020-10-23,14:57:09,,,,,12,0,1
2020-10-23,14:57:10,,,,,18,0,1
2020-10-23,14:57:11,,,,,24,0,1
2020-10-23,14:57:12,,,,,29,0,1
2020-10-23,14:57:13,,,,,35,0,1
2020-10-23,14:57:14,,,,,41,0,1
2020-10-23,14:57:15,,,,,47,0,1
2020-10-23,14:57:16,,,,,53,0,1
2020-10-23,14:57:17,,,,,53,0,1
2020-10-23,14:57:18,,,,,54,0,1
2020-10-23,14:57:19,,,,,55,0,1
2020-10-23,14:57:20,,,,,56,0,1
2020-10-23,14:57:21,,,,,57,0,1
2020-10-23,14:57:22,,,,,58,0,1
2020-10-23,14:57:23,,,,,59,0,1
2020-10-23,14:57:24,,,,,60,0,1
2020-10-23,14:57:25,,,,,60,0,1
2020-10-23,14:57:26,,,,,61,0,1
2020-10-23,14:57:27,,,,,63,0,1
2020-10-23,14:57:28,,,,,64,0,1
2020-10-23,14:57:29,,,,,65,0,1
2020-10-23,14:57:30,,,,,64,0,1
2020-10-23,14:57:31,,,,,64,0,1
2020-10-23,14:57:32,,,,,64,0,1
2020-10-23,14:57:33,,,,,64,0,1
2020-10-23,14:57:34,,,,,65,0,1
2020-10-23,14:57:35,,,,,65,0,1
2020-10-23,14:57:36,,,,,66,0,1
2020-10-23,14:57:37,,,,,66,0,1
2020-10-23,14:57:38,,,,,67,0,1
2020-10-23,14:57:39,,,,,67,0,1
2020-10-23,14:57:40,,,,,68,0,1
2020-10-23,14:57:41,,,,,68,0,1
2020-10-23,14:57:42,,,,,69,0,1
2020-10-23,14:57:43,,,,,69,0,1
2020-10-23,14:57:44,,,,,69,0,1
2020-10-23,14:57:45,,,,,69,0,0
2020-10-23,14:57:46,,,,,69,0,1
2020-10-23,14:57:47,,,,,69,0,0
2020-10-23,14:57:48,,,,,69,0,0
2020-10-23,14:57:49,,,,,69,0,0
2020-10-23,14:57:50,,,,,69,0,1
2020-10-23,14:57:51,,,,,58,0,1
2020-10-23,14:57:52,,,,,48,0,1
2020-10-23,14:57:53,,,,,37,0,1
2020-10-23,14:57:54,,,,,27,0,1
2020-10-23,14:57:55,,,,,16,0,1
2020-10-23,14:57:56,,,,,6,0,1
2020-10-23,14:57:57,,,,,27,0,1
2020-10-23,14:57:58,,,,,48,0,1
2020-10-23,14:57:59,,,,,70,0,1
2020-10-23,14:58:00,,,,,70,0,1
2020-10-23,14:58:01,,,,,70,0,1
2020-10-23,14:58:02,,,,,70,0,1
2020-10-23,14:58:03,,,,,70,0,1
2020-10-23,14:58:04,,,,,70,0,1
2020-10-23,14:58:05,,,,,70,0,1
2020-10-23,14:58:06,,,,,71,0,1
2020-10-23,14:58:07,,,,,71,0,1
2020-10-23,14:58:08,,,,,71,0,1
2020-10-23,14:58:09,,,,,70,0,1
2020-10-23,14:58:10,,,,,70,0,1
2020-10-23,14:58:11,,,,,70,0,1
2020-10-23,14:58:12,,,,,70,0,1
2020-10-23,14:58:13,,,,,70,0,1
2020-10-23,14:58:14,,,,,71,0,1
2020-10-23,14:58:15,,,,,71,0,1
2020-10-23,14:58:16,,,,,70,0,1
2020-10-23,14:58:17,,,,,70,0,1
2020-10-23,14:58:18,,,,,70,0,1
2020-10-23,14:58:19,,,,,70,0,1
2020-10-23,14:58:20,,,,,71,0,1
2020-10-23,14:58:21,,,,,71,0,1
2020-10-23,14:58:22,,,,,70,0,1
2020-10-23,14:58:23,,,,,70,0,1
2020-10-23,14:58:24,,,,,70,0,1
2020-10-23,14:58:25,,,,,70,0,1
2020-10-23,14:58:26,,,,,70,0,1
2020-10-23,14:58:27,,,,,70,1,1
2020-10-23,14:58:28,,,,,70,0,1
2020-10-23,14:58:29,,,,,70,0,1
2020-10-23,14:58:30,,,,,70,0,1
2020-10-23,14:58:31,,,,,70,0,1
2020-10-23,14:58:32,,,,,70,0,1
2020-10-23,14:58:33,,,,,70,0,1
2020-10-23,14:58:34,,,,,71,0,1
2020-10-23,14:58:35,,,,,70,0,1
2020-10-23,14:58:36,,,,,70,0,1
2020-10-23,14:58:37,,,,,70,0,1
2020-10-23,14:58:38,,,,,70,0,1
2020-10-23,14:58:39,,,,,70,0,1
2020-10-23,14:58:40,,,,,70,0,1
2020-10-23,14:58:41,,,,,70,0,1
2020-10-23,14:58:42,,,,,70,0,1
2020-10-23,14:58:43,,,,,70,0,1
2020-10-23,14:58:44,,,,,70,0,1
2020-10-23,14:58:45,,,,,70,0,1
2020-10-23,14:58:46,,,,,70,0,1
2020-10-23,14:58:47,,,,,70,0,1
2020-10-23,14:58:48,,,,,70,0,1
2020-10-23,14:58:49,,,,,70,0,1
2020-10-23,14:58:50,,,,,70,0,1
2020-10-23,14:58:51,,,,,70,0,1
2020-10-23,14:58:52,,,,,70,0,1
2020-10-23,14:58:53,,,,,70,0,1
2020-10-23,14:58:54,,,,,70,0,1
2020-10-23,14:58:55,,,,,70,0,1
2020-10-23,14:58:56,,,,,70,0,1
2020-10-23,14:58:57,,,,,71,0,1
2020-10-23,14:58:57,,,,,74,0,1
2020-10-23,14:58:58,,,,,77,0,1
2020-10-23,14:58:59,,,,,80,0,1
2020-10-23,14:59:00,,,,,83,0,1
2020-10-23,14:59:01,,,,,86,0,1
2020-10-23,14:59:02,,,,,87,0,1
2020-10-23,14:59:03,,,,,88,0,1
2020-10-23,14:59:04,,,,,89,0,1
2020-10-23,14:59:05,,,,,89,0,1
2020-10-23,14:59:06,,,,,89,0,1
2020-10-23,14:59:07,,,,,90,0,1
2020-10-23,14:59:08,,,,,90,0,1
2020-10-23,14:59:09,,,,,90,0,1
2020-10-23,14:59:10,,,,,90,0,1
2020-10-23,14:59:11,,,,,90,0,1
2020-10-23,14:59:12,,,,,90,0,1
2020-10-23,14:59:13,,,,,90,0,1
2020-10-23,14:59:14,,,,,90,0,1
2020-10-23,14:59:15,,,,,90,0,0
2020-10-23,14:59:16,,,,,91,0,0
2020-10-23,14:59:17,,,,,19,0,0
2020-10-23,14:59:18,,,,,90,0,1
2020-10-23,14:59:19,,,,,90,0,1
2020-10-23,14:59:20,,,,,90,0,1
2020-10-23,14:59:21,,,,,90,0,1
2020-10-23,14:59:22,,,,,90,0,1
2020-10-23,14:59:23,,,,,91,0,1
2020-10-23,14:59:24,,,,,91,0,1
2020-10-23,14:59:25,,,,,91,0,1
2020-10-23,14:59:26,,,,,90,0,1
2020-10-23,14:59:27,,,,,90,0,1
2020-10-23,14:59:28,,,,,90,0,1
2020-10-23,14:59:29,,,,,90,0,1
2020-10-23,14:59:30,,,,,90,0,1
2020-10-23,14:59:31,,,,,90,0,1
2020-10-23,14:59:32,,,,,89,0,1
2020-10-23,14:59:33,,,,,87,0,1
2020-10-23,14:59:34,,,,,86,0,1
2020-10-23,14:59:35,,,,,85,0,1
2020-10-23,14:59:36,,,,,84,0,1
2020-10-23,14:59:37,,,,,83,0,1
2020-10-23,14:59:38,,,,,82,0,1
2020-10-23,14:59:39,,,,,82,0,1
2020-10-23,14:59:40,,,,,81,0,1
2020-10-23,14:59:41,,,,,79,0,1
2020-10-23,14:59:42,,,,,78,0,1
2020-10-23,14:59:43,,,,,77,0,1
2020-10-23,14:59:44,,,,,77,0,1
2020-10-23,14:59:45,,,,,76,0,1
2020-10-23,14:59:46,,,,,77,0,1
2020-10-23,14:59:47,,,,,77,0,1
2020-10-23,14:59:48,,,,,79,0,1
2020-10-23,14:59:49,,,,,82,0,1
2020-10-23,14:59:50,,,,,84,0,1
2020-10-23,14:59:51,,,,,86,0,1
2020-10-23,14:59:52,,,,,87,0,1
2020-10-23,14:59:53,,,,,88,0,1
2020-10-23,14:59:54,,,,,89,0,1
2020-10-23,14:59:55,,,,,89,0,1
2020-10-23,14:59:56,,,,,89,0,1
2020-10-23,14:59:57,,,,,90,0,1
2020-10-23,14:59:58,,,,,90,0,1
2020-10-23,14:59:59,,,,,90,0,1
2020-10-23,15:00:00,,,,,90,0,1
2020-10-23,15:00:01,,,,,90,0,1
2020-10-23,15:00:02,,,,,90,0,1
2020-10-23,15:00:03,,,,,90,0,1
2020-10-23,15:00:04,,,,,90,0,1
2020-10-23,15:00:05,,,,,90,0,1
2020-10-23,15:00:06,,,,,90,0,1
2020-10-23,15:00:07,,,,,90,0,1
2020-10-23,15:00:08,,,,,90,0,1
2020-10-23,15:00:09,,,,,90,0,1
2020-10-23,15:00:10,,,,,90,0,1
2020-10-23,15:00:11,,,,,90,0,1
2020-10-23,15:00:12,,,,,90,0,1
2020-10-23,15:00:13,,,,,90,0,1
2020-10-23,15:00:14,,,,,90,0,1
2020-10-23,15:00:15,,,,,90,0,1
2020-10-23,15:00:16,,,,,90,0,1
2020-10-23,15:00:17,,,,,90,0,1
2020-10-23,15:00:18,,,,,90,0,1
2020-10-23,15:00:19,,,,,90,0,1
2020-10-23,15:00:20,,,,,90,0,1
2020-10-23,15:00:21,,,,,90,0,1
2020-10-23,15:00:22,,,,,90,0,1
2020-10-23,15:00:23,,,,,90,0,1
2020-10-23,15:00:24,,,,,90,0,1
2020-10-23,15:00:25,,,,,90,0,1
2020-10-23,15:00:26,,,,,90,0,1
2020-10-23,15:00:27,,,,,90,0,1
2020-10-23,15:00:28,,,,,90,0,1
2020-10-23,15:00:29,,,,,90,0,1
2020-10-23,15:00:30,,,,,90,0,1
2020-10-23,15:00:31,,,,,90,0,1
2020-10-23,15:00:32,,,,,90,0,1
2020-10-23,15:00:33,,,,,90,0,1
2020-10-23,15:00:34,,,,,90,0,1
2020-10-23,15:00:35,,,,,90,0,1
2020-10-23,15:00:36,,,,,90,0,1
2020-10-23,15:00:37,,,,,90,0,1
2020-10-23,15:00:38,,,,,90,0,1
2020-10-23,15:00:39,,,,,90,0,1
2020-10-23,15:00:40,,,,,90,0,1
2020-10-23,15:00:41,,,,,90,0,1
2020-10-23,15:00:42,,,,,90,0,1
2020-10-23,15:00:43,,,,,90,0,1
2020-10-23,15:00:44,,,,,90,0,1
2020-10-23,15:00:45,,,,,90,0,1
2020-10-23,15:00:46,,,,,90,0,1
2020-10-23,15:00:47,,,,,90,0,1
2020-10-23,15:00:48,,,,,90,0,1
2020-10-23,15:00:49,,,,,90,0,1
2020-10-23,15:00:50,,,,,90,0,1
2020-10-23,15:00:51,,,,,91,0,1
2020-10-23,15:00:52,,,,,90,0,1
2020-10-23,15:00:53,,,,,90,0,1
2020-10-23,15:00:54,,,,,91,0,1
2020-10-23,15:00:55,,,,,90,0,1
2020-10-23,15:00:56,,,,,90,0,1
2020-10-23,15:00:57,,,,,90,0,1
2020-10-23,15:00:58,,,,,90,0,1
2020-10-23,15:00:59,,,,,90,0,1
2020-10-23,15:01:00,,,,,90,0,1
2020-10-23,15:01:01,,,,,90,0,1
2020-10-23,15:01:02,,,,,90,0,1
2020-10-23,15:01:03,,,,,90,0,1
2020-10-23,15:01:04,,,,,90,0,1
2020-10-23,15:01:05,,,,,90,0,1
2020-10-23,15:01:06,,,,,90,0,1
2020-10-23,15:01:07,,,,,90,0,0
2020-10-23,15:01:08,,,,,90,0,0
2020-10-23,15:01:09,,,,,89,0,0
2020-10-23,15:01:10,,,,,88,0,0
2020-10-23,15:01:11,,,,,87,0,0
2020-10-23,15:01:12,,,,,68,0,0
2020-10-23,15:01:13,,,,,78,0,0
2020-10-23,15:01:14,,,,,88,0,0
2020-10-23,15:01:15,,,,,89,0,0
2020-10-23,15:01:16,,,,,89,0,1
2020-10-23,15:01:17,,,,,88,0,1
2020-10-23,15:01:18,,,,,85,0,1
2020-10-23,15:01:19,,,,,81,0,1
2020-10-23,15:01:20,,,,,77,0,1
2020-10-23,15:01:21,,,,,78,0,1
2020-10-23,15:01:22,,,,,71,0,1
2020-10-23,15:01:23,,,,,70,0,1
2020-10-23,15:01:24,,,,,69,0,1
2020-10-23,15:01:25,,,,,69,0,1
2020-10-23,15:01:26,,,,,70,0,1
2020-10-23,15:01:27,,,,,70,0,1
2020-10-23,15:01:28,,,,,70,0,1
2020-10-23,15:01:29,,,,,70,0,1
2020-10-23,15:01:30,,,,,70,0,1
2020-10-23,15:01:31,,,,,70,0,1
2020-10-23,15:01:32,,,,,70,0,1
2020-10-23,15:01:33,,,,,70,0,1
2020-10-23,15:01:34,,,,,70,0,1
2020-10-23,15:01:35,,,,,70,0,1
2020-10-23,15:01:36,,,,,70,0,1
2020-10-23,15:01:37,,,,,4,0,1
2020-10-23,15:01:38,,,,,4,0,1
2020-10-23,15:01:39,,,,,4,0,1
2020-10-23,15:01:40,,,,,70,0,1
2020-10-23,15:01:41,,,,,70,0,1
2020-10-23,15:01:42,,,,,70,0,1
2020-10-23,15:01:43,,,,,70,0,1
2020-10-23,15:01:44,,,,,70,0,1
2020-10-23,15:01:45,,,,,70,0,1
2020-10-23,15:01:46,,,,,70,0,1
2020-10-23,15:01:47,,,,,70,0,1
2020-10-23,15:01:48,,,,,70,0,1
2020-10-23,15:01:49,,,,,70,0,1
2020-10-23,15:01:50,,,,,70,0,1
2020-10-23,15:01:51,,,,,70,0,1
2020-10-23,15:01:52,,,,,70,0,0
2020-10-23,15:01:53,,,,,70,0,0
2020-10-23,15:01:54,,,,,70,0,0
2020-10-23,15:01:55,,,,,70,0,0
2020-10-23,15:01:56,,,,,69,0,0
2020-10-23,15:11:10,gps,device0,37.38486969,126.85584779999999,47,0,0
2020-10-23,15:11:11,gps,device0,37.38486969,126.85584779999999,48,0,0
2020-10-23,15:11:12,gps,device0,37.38486969,126.85584779999999,88,0,0
2020-10-23,15:11:13,gps,device0,37.38486969,126.85584779999999,53,0,0
2020-10-23,15:11:14,gps,device0,37.38486969,126.85584779999999,55,0,0
2020-10-23,15:11:15,gps,device0,37.38486969,126.85584779999999,58,0,0
2020-10-23,15:11:16,gps,device0,37.38486969,126.85584779999999,61,0,0
2020-10-23,15:11:17,gps,device0,37.38486969,126.85584779999999,64,0,0
2020-10-23,15:11:18,gps,device0,37.38486969,126.85584779999999,66,0,0
2020-10-23,15:11:19,gps,device0,37.38486969,126.85584779999999,68,0,0
2020-10-23,15:11:20,gps,device0,37.38486969,126.85584779999999,69,0,0
2020-10-23,15:11:21,gps,device0,37.38486969,126.85584779999999,69,0,0
2020-10-23,15:11:22,gps,device0,37.38486969,126.85584779999999,4,0,0
2020-10-23,15:11:23,gps,device0,37.38486969,126.85584779999999,20,0,0
2020-10-23,15:11:24,gps,device0,37.38486969,126.85584779999999,37,0,1
2020-10-23,15:11:25,gps,device0,37.38486969,126.85584779999999,53,0,1
2020-10-23,15:11:26,gps,device0,37.38486969,126.85584779999999,70,0,1
2020-10-23,15:11:27,gps,device0,37.38486969,126.85584779999999,70,0,1
2020-10-23,15:11:28,gps,device0,37.38486969,126.85584779999999,70,0,1
2020-10-23,15:11:29,gps,device0,37.38486969,126.85584779999999,70,0,1
2020-10-23,15:11:30,gps,device0,37.38486969,126.85584779999999,70,0,1
2020-10-23,15:11:31,gps,device0,37.38486969,126.85584779999999,70,0,1
2020-10-23,15:11:32,gps,device0,37.38486969,126.85584779999999,71,0,1
2020-10-23,15:11:33,gps,device0,37.38486969,126.85584779999999,70,0,1
2020-10-23,15:11:34,gps,device0,37.38486969,126.85584779999999,70,0,1
2020-10-23,15:11:35,gps,device0,37.38486969,126.85584779999999,70,0,1
2020-10-23,15:11:36,gps,device0,37.38486969,126.85584779999999,70,0,1
2020-10-23,15:11:37,gps,device0,37.38486969,126.85584779999999,71,0,1
2020-10-23,15:11:38,gps,device0,37.38486969,126.85584779999999,70,0,1
2020-10-23,15:11:39,gps,device0,37.38486969,126.85584779999999,70,0,1
2020-10-23,15:11:40,gps,device0,37.38486969,126.85584779999999,70,0,1
2020-10-23,15:11:41,gps,device0,37.38486969,126.85584779999999,70,0,1
2020-10-23,15:11:42,gps,device0,37.38486969,126.85584779999999,71,0,1
2020-10-23,15:11:43,gps,device0,37.38486969,126.85584779999999,71,0,1
2020-10-23,15:11:44,gps,device0,37.38486969,126.85584779999999,70,0,1
2020-10-23,15:11:45,gps,device0,37.38486969,126.85584779999999,70,0,1
2020-10-23,15:11:46,gps,device0,37.38486969,126.85584779999999,70,0,1
2020-10-23,15:11:47,gps,device0,37.38486969,126.85584779999999,70,0,1
2020-10-23,15:11:48,gps,device0,37.38486969,126.85584779999999,70,0,1
2020-10-23,15:11:49,gps,device0,37.38486969,126.85584779999999,70,0,1
2020-10-23,15:11:50,gps,device0,37.38486969,126.85584779999999,71,0,1
2020-10-23,15:11:51,gps,device0,37.38486969,126.85584779999999,71,0,1
2020-10-23,15:11:52,gps,device0,37.38486969,126.85584779999999,71,0,1
2020-10-23,15:11:53,gps,device0,37.38486969,126.85584779999999,70,0,1
2020-10-23,15:11:54,gps,device0,37.38486969,126.85584779999999,70,0,1
2020-10-23,15:11:55,gps,device0,37.38486969,126.85584779999999,70,0,1
2020-10-23,15:11:56,gps,device0,37.38486969,126.85584779999999,70,0,1
2020-10-23,15:11:57,gps,device0,37.38486969,126.85584779999999,71,0,1
2020-10-23,15:11:58,gps,device0,37.38486969,126.85584779999999,71,0,1
2020-10-23,15:11:59,gps,device0,37.38486969,126.85584779999999,71,0,1
2020-10-23,15:12:00,gps,device0,37.38486969,126.85584779999999,71,0,1
2020-10-23,15:12:01,gps,device0,37.38486969,126.85584779999999,70,0,1
2020-10-23,15:12:02,gps,device0,37.38486969,126.85584779999999,70,0,1
2020-10-23,15:12:03,gps,device0,37.38486969,126.85584779999999,70,0,1
2020-10-23,15:12:04,gps,device0,37.38486969,126.85584779999999,70,0,1
2020-10-23,15:12:05,gps,device0,37.38486969,126.85584779999999,70,0,1
2020-10-23,15:12:06,gps,device0,37.38486969,126.85584779999999,70,0,1
2020-10-23,15:12:07,gps,device0,37.38486969,126.85584779999999,70,0,1
2020-10-23,15:12:08,gps,device0,37.38486969,126.85584779999999,70,0,1
2020-10-23,15:12:09,gps,device0,37.38486969,126.85584779999999,70,0,1
2020-10-23,15:12:10,gps,device0,37.38486969,126.85584779999999,70,0,1
2020-10-23,15:12:11,gps,device0,37.38486969,126.85584779999999,70,0,1
2020-10-23,15:12:12,gps,device0,37.38486969,126.85584779999999,70,0,1
2020-10-23,15:12:13,gps,device0,37.38486969,126.85584779999999,70,0,1
2020-10-23,15:12:14,gps,device0,37.38486969,126.85584779999999,70,0,1
2020-10-23,15:12:15,gps,device0,37.38486969,126.85584779999999,70,0,1
2020-10-23,15:12:16,gps,device0,37.38486969,126.85584779999999,70,0,1
2020-10-23,15:12:17,gps,device0,37.38486969,126.85584779999999,70,0,1
2020-10-23,15:12:18,gps,device0,37.38486969,126.85584779999999,70,0,1
2020-10-23,15:12:19,gps,device0,37.38486969,126.85584779999999,70,0,1
2020-10-23,15:12:20,gps,device0,37.38486969,126.85584779999999,70,0,1
2020-10-23,15:12:21,gps,device0,37.38486969,126.85584779999999,70,0,1
2020-10-23,15:12:22,gps,device0,37.38486969,126.85584779999999,70,0,1
2020-10-23,15:12:23,gps,device0,37.38486969,126.85584779999999,70,0,1
2020-10-23,15:12:24,gps,device0,37.38486969,126.85584779999999,70,0,1
2020-10-23,15:12:25,gps,device0,37.38486969,126.85584779999999,70,0,1
2020-10-23,15:12:26,gps,device0,37.38486969,126.85584779999999,70,0,1
2020-10-23,15:12:27,gps,device0,37.38486969,126.85584779999999,70,0,1
2020-10-23,15:12:28,gps,device0,37.38486969,126.85584779999999,70,0,1
2020-10-23,15:12:29,gps,device0,37.38486969,126.85584779999999,70,0,1
2020-10-23,15:12:30,gps,device0,37.38486969,126.85584779999999,70,0,1
2020-10-23,15:12:31,gps,device0,37.38486969,126.85584779999999,71,0,1
2020-10-23,15:12:32,gps,device0,37.38486969,126.85584779999999,71,0,1
2020-10-23,15:12:33,gps,device0,37.38486969,126.85584779999999,74,0,1
2020-10-23,15:12:34,gps,device0,37.38486969,126.85584779999999,76,0,1
2020-10-23,15:12:35,gps,device0,37.38486969,126.85584779999999,78,0,1
2020-10-23,15:12:36,gps,device0,37.38486969,126.85584779999999,81,0,1
2020-10-23,15:12:37,gps,device0,37.38486969,126.85584779999999,84,0,1
2020-10-23,15:12:38,gps,device0,37.38486969,126.85584779999999,87,0,1
2020-10-23,15:12:39,gps,device0,37.38486969,126.85584779999999,89,0,1
2020-10-23,15:12:40,gps,device0,37.38486969,126.85584779999999,92,0,1
2020-10-23,15:12:41,gps,device0,37.38486969,126.85584779999999,95,0,1
2020-10-23,15:12:42,gps,device0,37.38486969,126.85584779999999,97,0,1
2020-10-23,15:12:43,gps,device0,37.38486969,126.85584779999999,98,0,1
2020-10-23,15:12:44,gps,device0,37.38486969,126.85584779999999,98,0,1
2020-10-23,15:12:45,gps,device0,37.38486969,126.85584779999999,96,0,1
2020-10-23,15:12:46,gps,device0,37.38486969,126.85584779999999,94,0,1
2020-10-23,15:12:47,gps,device0,37.38486969,126.85584779999999,91,0,1
2020-10-23,15:12:48,gps,device0,37.38486969,126.85584779999999,88,0,1
2020-10-23,15:12:49,gps,device0,37.38486969,126.85584779999999,86,0,1
2020-10-23,15:12:50,gps,device0,37.38486969,126.85584779999999,86,0,1
2020-10-23,15:12:51,gps,device0,37.38478641,126.8558926,87,0,1
2020-10-23,15:12:52,gps,device0,37.38478641,126.8558926,87,0,1
2020-10-23,15:12:53,gps,device0,37.38478641,126.8558926,58,0,1
2020-10-23,15:12:54,gps,device0,37.38478641,126.8558926,85,0,1
2020-10-23,15:12:55,gps,device0,37.38478641,126.8558926,83,0,1
2020-10-23,15:12:56,gps,device0,37.38469675,126.8559264,81,0,1
2020-10-23,15:12:57,gps,device0,37.38469675,126.8559264,80,0,1
2020-10-23,15:12:58,gps,device0,37.38469675,126.8559264,78,0,1
2020-10-23,15:12:59,gps,device0,37.38469675,126.8559264,76,0,1
2020-10-23,15:13:00,gps,device0,37.38469675,126.8559264,73,0,1
2020-10-23,15:13:01,gps,device0,37.38469675,126.8559264,71,0,1
2020-10-23,15:13:02,gps,device0,37.38459411,126.85593429999999,69,0,1
2020-10-23,15:13:03,gps,device0,37.38459411,126.85593429999999,66,0,1
2020-10-23,15:13:04,gps,device0,37.38459411,126.85593429999999,64,0,1
2020-10-23,15:13:05,gps,device0,37.38459411,126.85593429999999,61,0,1
2020-10-23,15:13:06,gps,device0,37.38448358,126.85595430000001,59,0,1
2020-10-23,15:13:07,gps,device0,37.38448358,126.85595430000001,58,0,1
2020-10-23,15:13:08,,,,,58,0,1
2020-10-23,15:13:09,,,,,58,0,1
2020-10-23,15:13:10,,,,,58,0,1
2020-10-23,15:13:11,gps,device0,37.38419959,126.85603459999999,58,0,1
2020-10-23,15:13:12,,,,,58,0,1
2020-10-23,15:13:13,,,,,58,0,1
2020-10-23,15:13:14,,,,,57,0,1
2020-10-23,15:13:15,gps,device0,37.38395619,126.85600659999999,56,0,1
2020-10-23,15:13:16,gps,device0,37.38621558,126.8552212,55,0,1
2020-10-23,15:13:17,gps,device0,37.38697844,126.8549642,54,0,1
2020-10-23,15:13:18,gps,device0,37.38747331,126.8547716,53,0,1
2020-10-23,15:13:19,gps,device0,37.38762979999999,126.85471489999999,53,0,1
2020-10-23,15:13:20,gps,device0,37.38762325,126.8547129,53,0,1
2020-10-23,15:13:21,gps,device0,37.38783694,126.8546764,53,0,1
2020-10-23,15:13:22,gps,device0,37.38801744,126.85468780000001,53,0,1
2020-10-23,15:13:23,gps,device0,37.388251000000004,126.8546591,56,0,1
2020-10-23,15:13:24,gps,device0,37.38866984,126.854487,58,0,1
2020-10-23,15:13:25,gps,device0,37.38992267,126.85405549999999,59,0,1
2020-10-23,15:13:26,gps,device0,37.3904452,126.8538555,60,0,1
2020-10-23,15:13:27,gps,device0,37.3907118,126.8537395,62,0,1
2020-10-23,15:13:28,gps,device0,37.39092979,126.85363970000002,63,0,1
2020-10-23,15:13:29,gps,device0,37.39105603,126.85357659999998,68,0,1
2020-10-23,15:13:30,gps,device0,37.39117659,126.8535072,66,0,1
2020-10-23,15:13:31,gps,device0,37.39131333,126.85341310000001,67,0,1
2020-10-23,15:13:32,gps,device0,37.39143513,126.85332379999998,68,0,1
2020-10-23,15:13:33,gps,device0,37.39155609,126.8532301,69,0,1
2020-10-23,15:13:34,gps,device0,37.39167347,126.85314050000001,70,0,1
2020-10-23,15:13:35,gps,device0,37.39179194,126.85304609999999,70,0,1
2020-10-23,15:13:36,gps,device0,37.39192551,126.8529364,70,0,1
2020-10-23,15:13:37,gps,device0,37.39206058,126.852822,70,0,1
2020-10-23,15:13:38,gps,device0,37.39219861,126.85269960000001,70,0,1
2020-10-23,15:13:39,gps,device0,37.39233753,126.85257299999999,70,0,1
2020-10-23,15:13:40,gps,device0,37.39248202,126.8524378,70,0,1
2020-10-23,15:13:41,gps,device0,37.39262687,126.85229170000001,70,0,1
2020-10-23,15:13:42,gps,device0,37.39276568,126.85214769999999,70,0,1
2020-10-23,15:13:43,gps,device0,37.39290442,126.85200139999999,69,0,1
2020-10-23,15:13:44,gps,device0,37.39303875,126.8518571,68,0,1
2020-10-23,15:13:45,gps,device0,37.39317221,126.8517112,68,0,1
2020-10-23,15:13:46,gps,device0,37.39330374,126.85156029999999,67,0,1
2020-10-23,15:13:47,gps,device0,37.39343321,126.85141340000001,67,0,1
2020-10-23,15:13:48,gps,device0,37.39356708,126.8512649,66,0,1
2020-10-23,15:13:49,gps,device0,37.39369491,126.8511192,66,0,1
2020-10-23,15:13:50,gps,device0,37.39382235,126.85097490000001,65,0,1
2020-10-23,15:13:51,gps,device0,37.39395238,126.8508308,65,0,1
2020-10-23,15:13:52,gps,device0,37.39408316,126.8506872,64,0,1
2020-10-23,15:13:53,gps,device0,37.39421709,126.85054029999999,64,0,1
2020-10-23,15:13:54,gps,device0,37.39435393,126.85039170000002,64,0,1
2020-10-23,15:13:55,gps,device0,37.39449033,126.8502412,64,0,1
2020-10-23,15:13:56,gps,device0,37.39461979,126.8500975,64,0,1
2020-10-23,15:13:57,gps,device0,37.39474705,126.84995970000001,65,0,1
2020-10-23,15:13:58,gps,device0,37.39487659,126.84981780000001,66,0,1
2020-10-23,15:13:59,gps,device0,37.39500851,126.8496736,67,0,1
2020-10-23,15:14:00,gps,device0,37.39513953,126.8495311,68,0,1
2020-10-23,15:14:01,gps,device0,37.39527001,126.8493885,69,0,1
2020-10-23,15:14:02,gps,device0,37.39539818,126.8492491,69,0,1
2020-10-23,15:14:03,gps,device0,37.39552491,126.84911029999999,69,0,1
2020-10-23,15:14:04,gps,device0,37.39565459,126.84896709999998,70,0,1
2020-10-23,15:14:05,gps,device0,37.39578417,126.84882350000001,70,0,1
2020-10-23,15:14:06,gps,device0,37.39591506,126.8486781,69,0,1
2020-10-23,15:14:07,gps,device0,37.39605048,126.8485278,69,0,1
2020-10-23,15:14:07,gps,device0,37.39605048,126.8485278,69,0,1
2020-10-23,15:14:08,gps,device0,37.39618339,126.84837990000001,68,0,1
2020-10-23,15:14:09,gps,device0,37.39631443,126.84823529999998,68,0,1
2020-10-23,15:14:10,gps,device0,37.3964443,126.8480905,68,0,1
2020-10-23,15:14:11,gps,device0,37.39657242,126.8479491,68,0,1
2020-10-23,15:14:12,gps,device0,37.39670004,126.8478075,68,0,1
2020-10-23,15:14:13,gps,device0,37.39683017,126.84766210000001,67,0,1
2020-10-23,15:14:14,gps,device0,37.39696204,126.8475149,67,0,1
2020-10-23,15:14:15,gps,device0,37.39709007,126.84737309999998,67,0,1
2020-10-23,15:14:16,gps,device0,37.39721944,126.8472298,67,0,1
2020-10-23,15:14:17,gps,device0,37.39735042,126.847085,67,0,1
2020-10-23,15:14:18,gps,device0,37.3974775,126.8469462,67,0,1
2020-10-23,15:14:19,gps,device0,37.39760575,126.8468059,66,0,1
2020-10-23,15:14:20,gps,device0,37.39773639,126.84666259999999,64,0,1
2020-10-23,15:14:21,gps,device0,37.39786543,126.84652150000001,62,0,1
2020-10-23,15:14:22,gps,device0,37.39799739,126.8463774,59,0,1
2020-10-23,15:14:23,gps,device0,37.39813333,126.84622879999999,57,0,1
2020-10-23,15:14:24,gps,device0,37.39827051,126.8460787,55,0,1
2020-10-23,15:14:25,gps,device0,37.39841309,126.8459212,54,0,1
2020-10-23,15:14:26,gps,device0,37.39855912,126.8457586,53,0,1
2020-10-23,15:14:27,gps,device0,37.39871001,126.8455912,53,0,1
2020-10-23,15:14:28,gps,device0,37.39886324,126.8454213,53,0,1
2020-10-23,15:14:29,gps,device0,37.39902234,126.8452447,53,0,1
2020-10-23,15:14:30,gps,device0,37.39918848,126.84505990000001,54,0,1
2020-10-23,15:14:31,gps,device0,37.39935902,126.8448703,55,0,1
2020-10-23,15:14:32,gps,device0,37.39953088,126.8446789,56,0,1
2020-10-23,15:14:33,gps,device0,37.39970786,126.84448200000001,58,0,1
2020-10-23,15:14:34,gps,device0,37.39989149,126.84427779999999,60,0,1
2020-10-23,15:14:35,gps,device0,37.40007374,126.8440757,61,0,1
2020-10-23,15:14:36,gps,device0,37.400251700000005,126.8438783,63,0,1
2020-10-23,15:14:37,gps,device0,37.40042694,126.84368470000001,65,0,1
2020-10-23,15:14:38,gps,device0,37.40059973,126.8434939,67,0,1
2020-10-23,15:14:39,gps,device0,37.40076902,126.8433072,68,0,1
2020-10-23,15:14:40,gps,device0,37.40093602,126.8431216,68,0,1
2020-10-23,15:14:41,gps,device0,37.40109802,126.8429418,73,0,1
2020-10-23,15:14:42,gps,device0,37.40126207,126.8427596,77,0,0
2020-10-23,15:14:43,gps,device0,37.40142471,126.8425798,82,0,0
2020-10-23,15:14:44,gps,device0,37.40158154,126.84240790000001,85,0,0
2020-10-23,15:14:45,gps,device0,37.40173457,126.8422405,88,0,0
2020-10-23,15:14:46,gps,device0,37.40188554,126.842075,89,0,0
2020-10-23,15:14:47,gps,device0,37.40203582,126.84190770000001,89,0,0
2020-10-23,15:14:48,gps,device0,37.402184399999996,126.841747,90,0,1
2020-10-23,15:14:49,gps,device0,37.4023295,126.84158670000001,91,0,1
2020-10-23,15:14:50,gps,device0,37.40246654,126.84143610000001,92,0,1
2020-10-23,15:14:51,gps,device0,37.40260148,126.84128929999999,94,0,1
2020-10-23,15:14:52,gps,device0,37.40273234,126.84114720000001,96,0,1
2020-10-23,15:14:53,gps,device0,37.40286005,126.84100719999999,97,0,1
2020-10-23,15:14:54,gps,device0,37.40298203,126.84087179999999,99,0,1
2020-10-23,15:14:55,gps,device0,37.40310361,126.84074050000001,100,0,1
2020-10-23,15:14:55,gps,device0,37.40323136,126.84060349999999,100,0,1
2020-10-23,15:14:56,gps,device0,37.40333233,126.84049440000001,100,0,1
2020-10-23,15:14:57,gps,device0,37.40342507,126.84039409999998,100,0,1
2020-10-23,15:14:58,gps,device0,37.403514,126.8402977,100,0,1
2020-10-23,15:14:59,gps,device0,37.40360795,126.8401956,100,0,1
2020-10-23,15:15:00,gps,device0,37.40370344,126.8400899,100,0,1
2020-10-23,15:15:01,gps,device0,37.40380274,126.83997920000002,101,0,1
2020-10-23,15:15:02,gps,device0,37.40391042,126.8398578,101,0,1
2020-10-23,15:15:03,gps,device0,37.40401072,126.83974380000001,100,0,1
2020-10-23,15:15:04,gps,device0,37.40411127,126.8396264,100,0,1
2020-10-23,15:15:05,gps,device0,37.40420751,126.83951409999999,100,0,1
2020-10-23,15:15:06,gps,device0,37.40430426,126.83940859999998,101,0,1
2020-10-23,15:15:07,gps,device0,37.40440356,126.83930009999999,101,0,1
2020-10-23,15:15:08,gps,device0,37.40450549,126.8391903,101,0,1
2020-10-23,15:15:09,gps,device0,37.40460593,126.8390807,100,0,1
2020-10-23,15:15:10,gps,device0,37.40470544,126.8389722,100,0,1
2020-10-23,15:15:11,gps,device0,37.40479643,126.8388716,100,0,1
2020-10-23,15:15:12,gps,device0,37.40488905,126.8387696,100,0,1
2020-10-23,15:15:13,gps,device0,37.40498868,126.83865990000001,101,0,1
2020-10-23,15:15:14,gps,device0,37.40509531,126.83854129999999,101,0,1
2020-10-23,15:15:15,gps,device0,37.40520784,126.83841409999998,101,0,1
2020-10-23,15:15:16,gps,device0,37.40531241,126.838295,100,0,1
2020-10-23,15:15:17,gps,device0,37.40542251,126.8381689,101,0,1
2020-10-23,15:15:18,gps,device0,37.40552637,126.8380472,101,0,1
2020-10-23,15:15:19,gps,device0,37.40563738,126.83792209999999,100,0,1
2020-10-23,15:15:20,gps,device0,37.40575207,126.8377922,100,0,1
2020-10-23,15:15:21,gps,device0,37.4058695,126.8376595,100,0,1
2020-10-23,15:15:22,gps,device0,37.40599176,126.83752220000001,100,0,1
2020-10-23,15:15:23,gps,device0,37.40611511,126.83738419999999,101,0,1
2020-10-23,15:15:24,gps,device0,37.40623716,126.8372459,101,0,1
2020-10-23,15:15:25,gps,device0,37.406360299999996,126.8371085,100,0,1
2020-10-23,15:15:26,gps,device0,37.4064892,126.836969,99,0,1
2020-10-23,15:15:27,gps,device0,37.40661762,126.83682959999999,98,0,1
2020-10-23,15:15:28,gps,device0,37.4067439,126.8366913,97,0,1
2020-10-23,15:15:29,gps,device0,37.40687058,126.8365513,97,0,1
2020-10-23,15:15:30,gps,device0,37.40699602,126.8364135,96,0,1
2020-10-23,15:15:31,gps,device0,37.40712535,126.83627129999999,96,0,1
2020-10-23,15:15:32,gps,device0,37.40725348,126.8361311,96,0,1
2020-10-23,15:15:33,gps,device0,37.40738146,126.8359918,97,0,1
2020-10-23,15:15:34,gps,device0,37.40750835,126.8358522,97,0,1
2020-10-23,15:15:35,gps,device0,37.40762908,126.83571409999999,98,0,1
2020-10-23,15:15:36,gps,device0,37.40775414,126.8355705,98,0,0
2020-10-23,15:15:37,gps,device0,37.40787435,126.83543449999999,98,0,0
2020-10-23,15:15:38,gps,device0,37.4079925,126.8353018,99,0,0
2020-10-23,15:15:39,gps,device0,37.40811266,126.835171,99,0,0
2020-10-23,15:15:40,gps,device0,37.40823481,126.8350381,100,0,1
2020-10-23,15:15:41,gps,device0,37.40835513,126.83490719999999,100,0,1
2020-10-23,15:15:42,gps,device0,37.40847594,126.8347739,100,0,1
2020-10-23,15:15:43,gps,device0,37.40859356,126.8346442,100,0,1
2020-10-23,15:15:44,gps,device0,37.40870881,126.8345175,100,0,1
2020-10-23,15:15:45,gps,device0,37.40882672,126.83439109999999,100,0,1
2020-10-23,15:15:46,gps,device0,37.40894376,126.83426609999998,100,0,1
2020-10-23,15:15:47,gps,device0,37.40906505,126.83413780000001,98,0,1
2020-10-23,15:15:48,gps,device0,37.40919121,126.8340085,96,0,1
2020-10-23,15:15:49,gps,device0,37.40932124,126.83387820000002,94,0,1
2020-10-23,15:15:50,gps,device0,37.409459000000005,126.8337432,93,0,1
2020-10-23,15:15:51,gps,device0,37.4095991,126.8336111,93,0,1
2020-10-23,15:15:52,gps,device0,37.40974551,126.83347920000001,91,0,0
2020-10-23,15:15:53,gps,device0,37.40989747,126.8333479,89,0,0
2020-10-23,15:15:54,gps,device0,37.41005043,126.8332184,88,0,0
2020-10-23,15:15:55,gps,device0,37.41020045,126.8330946,87,0,0
2020-10-23,15:15:56,gps,device0,37.41034446,126.832978,86,0,0
2020-10-23,15:15:57,gps,device0,37.41049083,126.83286170000001,86,0,0
2020-10-23,15:15:58,gps,device0,37.41063726,126.8327545,87,1,0
2020-10-23,15:15:59,gps,device0,37.41078183,126.83265120000002,86,1,0
2020-10-23,15:16:00,gps,device0,37.41092005,126.83255449999999,85,1,0
2020-10-23,15:16:01,gps,device0,37.41106019,126.8324628,85,1,0
2020-10-23,15:16:02,gps,device0,37.41120343,126.83236640000001,84,1,0
2020-10-23,15:16:03,gps,device0,37.41135279,126.83226979999999,82,1,0
2020-10-23,15:16:04,gps,device0,37.41150461,126.8321728,78,1,0
2020-10-23,15:16:05,gps,device0,37.41165556,126.8320774,76,1,0
2020-10-23,15:16:06,gps,device0,37.41180376,126.8319871,74,1,0
2020-10-23,15:16:07,gps,device0,37.4119534,126.8318993,72,1,0
2020-10-23,15:16:08,gps,device0,37.4121049,126.83181119999999,71,1,0
2020-10-23,15:16:09,gps,device0,37.41225439,126.8317294,72,1,0
2020-10-23,15:16:10,gps,device0,37.41240159,126.83165009999999,73,1,0
2020-10-23,15:16:11,gps,device0,37.41254605,126.83157140000002,75,1,0
2020-10-23,15:16:12,gps,device0,37.41268518,126.8314946,76,1,0
2020-10-23,15:16:13,gps,device0,37.41282052,126.83141940000002,76,1,0
2020-10-23,15:16:14,gps,device0,37.41295483,126.83134740000001,76,1,0
2020-10-23,15:16:15,gps,device0,37.41308626,126.83127560000001,76,1,0
2020-10-23,15:16:16,gps,device0,37.41321743,126.83120359999998,77,1,0
2020-10-23,15:16:17,gps,device0,37.41335234,126.83112549999998,76,1,0
2020-10-23,15:16:18,gps,device0,37.41346546,126.8310699,74,1,0
2020-10-23,15:16:19,gps,device0,37.41357208,126.8310213,72,0,0
2020-10-23,15:16:20,gps,device0,37.41368027,126.83097839999999,69,1,0
2020-10-23,15:16:21,gps,device0,37.41379494,126.83093999999998,66,1,0
2020-10-23,15:16:22,gps,device0,37.41391292,126.83090520000002,65,1,0
2020-10-23,15:16:23,gps,device0,37.41404065,126.8308624,65,1,0
2020-10-23,15:16:24,gps,device0,37.41417736,126.8308186,65,1,0
2020-10-23,15:16:25,gps,device0,37.41431744,126.83077560000001,65,1,0
2020-10-23,15:16:26,gps,device0,37.4144622,126.8307283,65,1,0
2020-10-23,15:16:27,gps,device0,37.41461491,126.8306794,63,1,0
2020-10-23,15:16:28,gps,device0,37.41477199,126.83062690000001,60,1,1
2020-10-23,15:16:29,gps,device0,37.41493237,126.8305725,58,1,1
2020-10-23,15:16:30,gps,device0,37.41509629,126.830518,57,1,1
2020-10-23,15:16:31,gps,device0,37.41526721,126.83045600000001,57,1,1
2020-10-23,15:16:32,gps,device0,37.41544915,126.83038859999999,57,1,1
2020-10-23,15:16:33,gps,device0,37.41562786,126.8303217,56,1,1
2020-10-23,15:16:34,gps,device0,37.41581063,126.83025390000002,56,1,1
2020-10-23,15:16:35,gps,device0,37.41599513,126.8301846,57,1,1
2020-10-23,15:16:36,gps,device0,37.41617719,126.8301159,59,1,1
2020-10-23,15:16:37,gps,device0,37.41636012,126.8300466,60,0,0
2020-10-23,15:16:38,gps,device0,37.41655309,126.829973,62,1,0
2020-10-23,15:16:39,gps,device0,37.41673199,126.82990749999999,63,1,0
2020-10-23,15:16:40,gps,device0,37.41695033,126.8298291,63,1,1
2020-10-23,15:16:41,gps,device0,37.41719306,126.82974159999999,63,1,1
2020-10-23,15:16:42,gps,device0,37.41739897,126.8296622,63,1,0
2020-10-23,15:16:43,gps,device0,37.41761483,126.82958119999999,61,1,0
2020-10-23,15:16:44,gps,device0,37.41782391,126.8295017,59,1,0
2020-10-23,15:16:45,gps,device0,37.41803549,126.8294217,57,0,0
2020-10-23,15:16:46,gps,device0,37.41825674,126.82933600000001,56,0,0
2020-10-23,15:16:47,gps,device0,37.41848517,126.82924569999999,55,0,0
2020-10-23,15:16:48,gps,device0,37.41871281,126.8291613,53,0,0
2020-10-23,15:16:49,gps,device0,37.41899994,126.8290669,51,0,1
2020-10-23,15:16:50,gps,device0,37.41926619,126.8289764,49,0,0
2020-10-23,15:16:51,gps,device0,37.41952359,126.8288878,49,0,0
2020-10-23,15:16:52,gps,device0,37.41977396,126.82880209999999,49,0,0
2020-10-23,15:16:53,gps,device0,37.42002368,126.82871399999999,49,0,0
2020-10-23,15:16:54,gps,device0,37.42027096,126.8286251,49,0,0
2020-10-23,15:16:55,gps,device0,37.42051609,126.8285395,49,0,0
2020-10-23,15:16:56,gps,device0,37.4207636,126.8284497,49,0,0
2020-10-23,15:16:57,gps,device0,37.42101095,126.8283598,49,0,0
2020-10-23,15:16:58,gps,device0,37.42125804,126.8282673,49,0,0
2020-10-23,15:16:59,gps,device0,37.42150414,126.8281775,50,0,0
2020-10-23,15:17:00,gps,device0,37.42174867,126.82808689999999,52,0,0
2020-10-23,15:17:01,gps,device0,37.42199182,126.82799299999999,54,0,0
2020-10-23,15:17:02,gps,device0,37.42223081,126.8278975,55,0,0
2020-10-23,15:17:03,gps,device0,37.42246938,126.82780009999999,55,0,0
2020-10-23,15:17:04,gps,device0,37.42270849,126.827701,55,0,0
2020-10-23,15:17:05,gps,device0,37.42294647,126.8275987,57,0,0
2020-10-23,15:17:06,gps,device0,37.42318232,126.8275065,58,0,0
2020-10-23,15:17:07,gps,device0,37.42341635,126.8274187,61,1,0
2020-10-23,15:17:08,gps,device0,37.42365166,126.82732659999998,63,1,1
2020-10-23,15:17:09,gps,device0,37.42388885,126.8272248,65,1,1
2020-10-23,15:17:10,gps,device0,37.42412224,126.8271289,67,0,0
2020-10-23,15:17:11,gps,device0,37.42435387,126.8270378,68,1,0
2020-10-23,15:17:12,gps,device0,37.42458728,126.82695149999999,66,1,0
2020-10-23,15:17:13,gps,device0,37.42482915,126.82685910000001,60,1,1
2020-10-23,15:17:14,gps,device0,37.42506975,126.8267649,56,1,0
2020-10-23,15:17:15,gps,device0,37.42530724,126.8266715,53,0,0
2020-10-23,15:17:16,gps,device0,37.42554163,126.82658020000001,51,0,0
2020-10-23,15:17:17,gps,device0,37.42577103,126.826489,50,0,0
2020-10-23,15:17:18,gps,device0,37.4259972,126.8263977,50,0,0
2020-10-23,15:17:19,gps,device0,37.42622585,126.8262994,50,0,0
2020-10-23,15:17:20,gps,device0,37.42645035,126.82619979999998,51,0,0
2020-10-23,15:17:21,gps,device0,37.42666975,126.8261013,51,0,0
2020-10-23,15:17:22,gps,device0,37.42688247,126.8260054,52,0,0
2020-10-23,15:17:23,gps,device0,37.42708607,126.82591129999999,52,0,0
2020-10-23,15:17:24,gps,device0,37.42729535,126.8258131,52,0,0
2020-10-23,15:17:25,gps,device0,37.42751071,126.8257096,52,0,0
2020-10-23,15:17:26,gps,device0,37.4277198,126.8255913,53,0,0
2020-10-23,15:17:27,gps,device0,37.42792897,126.8254571,54,0,0
2020-10-23,15:17:28,gps,device0,37.42814667,126.82531170000001,54,0,0
2020-10-23,15:17:29,gps,device0,37.42835805,126.82516480000001,54,0,0
2020-10-23,15:17:30,gps,device0,37.42855898,126.8250048,54,0,0
2020-10-23,15:17:31,gps,device0,37.42876027,126.82483719999999,53,0,0
2020-10-23,15:17:32,gps,device0,37.4289586,126.8246633,55,0,0
2020-10-23,15:17:33,gps,device0,37.42915597,126.8244862,57,0,0
2020-10-23,15:17:34,gps,device0,37.42936146,126.8242994,60,0,0
2020-10-23,15:17:35,gps,device0,37.42956407,126.8241122,62,0,0
2020-10-23,15:17:36,gps,device0,37.42975836,126.82392560000001,65,0,0
2020-10-23,15:17:37,gps,device0,37.42995204,126.82374340000001,68,0,0
2020-10-23,15:17:38,gps,device0,37.43013764,126.8235655,70,0,0
2020-10-23,15:17:39,gps,device0,37.43031696,126.8233906,73,0,0
2020-10-23,15:17:40,gps,device0,37.43049177,126.82321499999999,76,1,0
2020-10-23,15:17:41,gps,device0,37.43066486,126.8230408,80,1,0
2020-10-23,15:17:42,gps,device0,37.43083693,126.82287050000001,83,1,0
2020-10-23,15:17:43,gps,device0,37.43100291,126.822705,85,1,0
2020-10-23,15:17:44,gps,device0,37.43116818,126.82254250000001,86,1,0
2020-10-23,15:17:45,gps,device0,37.43133804,126.8223868,87,1,0
2020-10-23,15:17:46,gps,device0,37.43150767,126.82223229999998,88,1,0
2020-10-23,15:17:47,gps,device0,37.43166853,126.82207949999999,89,1,1
2020-10-23,15:17:48,gps,device0,37.43182934,126.82192090000001,89,1,1
2020-10-23,15:17:49,gps,device0,37.43200022,126.8217605,90,1,1
2020-10-23,15:17:50,gps,device0,37.43216732,126.8216035,90,1,1
2020-10-23,15:17:51,gps,device0,37.43232943,126.82144850000002,90,1,1
2020-10-23,15:17:52,gps,device0,37.43249625,126.8213004,89,1,1
2020-10-23,15:17:53,gps,device0,37.43265898,126.8211558,88,1,1
2020-10-23,15:17:54,gps,device0,37.43281496,126.82101340000001,87,1,1
2020-10-23,15:17:55,gps,device0,37.43296805,126.82087649999998,85,1,1
2020-10-23,15:17:56,gps,device0,37.43311737,126.820743,84,1,1
2020-10-23,15:17:57,gps,device0,37.43326252,126.8206105,83,1,1
2020-10-23,15:17:58,gps,device0,37.43340258,126.8204809,82,1,1
2020-10-23,15:17:59,gps,device0,37.43354109,126.8203497,80,1,1
2020-10-23,15:18:00,gps,device0,37.43368137,126.8202157,79,1,1
2020-10-23,15:18:01,gps,device0,37.43382606,126.820079,77,1,1
2020-10-23,15:18:02,gps,device0,37.43397638,126.81993929999999,76,0,1
2020-10-23,15:18:03,gps,device0,37.43412924,126.8197986,77,0,1
2020-10-23,15:18:04,gps,device0,37.43428406,126.8196635,79,0,1
2020-10-23,15:18:05,gps,device0,37.43444009,126.8195307,82,0,1
2020-10-23,15:18:06,gps,device0,37.43459564,126.8194009,84,0,1
2020-10-23,15:18:07,gps,device0,37.43474749,126.8192744,68,0,1
2020-10-23,15:18:08,gps,device0,37.43490365,126.8191858,88,0,1
2020-10-23,15:18:09,gps,device0,37.43506501,126.819111,90,0,1
2020-10-23,15:18:10,gps,device0,37.43521704,126.8190426,92,0,1
2020-10-23,15:18:11,gps,device0,37.43536688,126.81897420000001,94,0,1
2020-10-23,15:18:12,gps,device0,37.4355189,126.8189025,69,0,1
2020-10-23,15:18:13,gps,device0,37.43566272,126.81883400000001,79,0,1
2020-10-23,15:18:14,gps,device0,37.43580762,126.8187655,99,0,1
2020-10-23,15:18:15,gps,device0,37.43594775,126.81869760000001,99,1,1
2020-10-23,15:18:16,gps,device0,37.436083200000006,126.81861359999999,98,1,1
2020-10-23,15:18:17,gps,device0,37.43622366,126.81853090000001,94,1,1
2020-10-23,15:18:18,gps,device0,37.43630289,126.81840120000001,92,1,1
2020-10-23,15:18:19,gps,device0,37.43637309,126.81823610000001,90,1,1
2020-10-23,15:18:20,gps,device0,37.43645417,126.8180861,90,1,1
2020-10-23,15:18:21,gps,device0,37.43654471,126.81793470000001,89,1,1
2020-10-23,15:18:22,gps,device0,37.43663537,126.8178095,89,1,1
2020-10-23,15:18:23,gps,device0,37.43672477,126.8176871,90,1,1
2020-10-23,15:18:24,gps,device0,37.43681601,126.8175654,90,1,1
2020-10-23,15:18:25,gps,device0,37.43691387,126.81742720000001,90,1,1
2020-10-23,15:18:26,gps,device0,37.43701857,126.817299,90,1,1
2020-10-23,15:18:27,gps,device0,37.43713298,126.81717090000001,90,1,1
2020-10-23,15:18:28,gps,device0,37.43726237,126.81704840000002,90,1,1
2020-10-23,15:18:29,gps,device0,37.4373911,126.8169297,91,1,1
2020-10-23,15:18:30,gps,device0,37.43751883,126.81681,92,1,1
2020-10-23,15:18:31,gps,device0,37.43764198,126.8166872,93,1,1
2020-10-23,15:18:32,gps,device0,37.43776122,126.8165621,93,1,1
2020-10-23,15:18:33,gps,device0,37.43787829,126.81644540000002,94,1,1
2020-10-23,15:18:34,gps,device0,37.43799421,126.8163376,94,1,1
2020-10-23,15:18:35,gps,device0,37.43811177,126.8162456,95,1,1
2020-10-23,15:18:36,gps,device0,37.4382251,126.8161527,95,1,1
2020-10-23,15:18:37,gps,device0,37.43833724,126.8160723,96,1,1
2020-10-23,15:18:38,gps,device0,37.43845095,126.8160158,97,1,1
2020-10-23,15:18:39,gps,device0,37.43855341,126.8159844,97,1,1
2020-10-23,15:18:40,gps,device0,37.43868372,126.8159658,98,1,1
2020-10-23,15:18:41,gps,device0,37.43880028,126.8159551,98,1,1
2020-10-23,15:18:42,gps,device0,37.43890784,126.8159565,98,1,1
2020-10-23,15:18:43,gps,device0,37.43899377,126.81595159999998,98,1,1
2020-10-23,15:18:44,gps,device0,37.43908628,126.8159575,98,1,1
2020-10-23,15:18:45,gps,device0,37.43918024,126.8159652,98,1,1
2020-10-23,15:18:46,gps,device0,37.43926119,126.81596329999999,99,1,1
2020-10-23,15:18:47,gps,device0,37.43934762,126.81596770000002,99,1,1
2020-10-23,15:18:48,gps,device0,37.43940981,126.815969,100,1,1
2020-10-23,15:18:49,gps,device0,37.43942098,126.81597920000002,101,1,1
2020-10-23,15:18:50,gps,device0,37.43948509,126.8159837,101,1,1
2020-10-23,15:18:51,gps,device0,37.439545700000004,126.8160048,102,1,1
2020-10-23,15:18:52,gps,device0,37.43943786,126.8159945,102,1,1
2020-10-23,15:18:53,gps,device0,37.43943786,126.8159945,102,1,1
2020-10-23,15:18:54,gps,device0,37.43932169,126.8161564,102,1,1
2020-10-23,15:18:55,gps,device0,37.43927253,126.81624070000001,103,1,1
2020-10-23,15:18:56,gps,device0,37.43922007,126.81629209999998,103,1,1
2020-10-23,15:18:57,gps,device0,37.43915437,126.81637279999998,103,1,1
2020-10-23,15:18:58,gps,device0,37.43913208,126.81640530000001,104,1,1
2020-10-23,15:18:59,gps,device0,37.43913065,126.81639340000001,106,1,1
2020-10-23,15:19:00,gps,device0,37.43910746,126.81642,106,1,1
2020-10-23,15:19:01,gps,device0,37.4390253,126.8163977,106,1,1
2020-10-23,15:19:02,gps,device0,37.43887285,126.8163412,105,1,1
2020-10-23,15:19:03,gps,device0,37.43876144,126.8162745,103,1,1
2020-10-23,15:19:04,gps,device0,37.43872766,126.8161685,102,1,1
2020-10-23,15:19:05,gps,device0,37.43872766,126.8161685,100,1,1
2020-10-23,15:19:06,gps,device0,37.43879455,126.816056,99,1,1
2020-10-23,15:19:07,gps,device0,37.43879455,126.816056,98,1,1
2020-10-23,15:19:08,gps,device0,37.43879455,126.816056,97,1,1
2020-10-23,15:19:09,gps,device0,37.43879455,126.816056,96,1,1
2020-10-23,15:19:11,gps,device0,37.43890402,126.8158219,96,1,1
2020-10-23,15:19:12,gps,device0,37.43899173,126.81558829999999,79,1,1
2020-10-23,15:19:13,gps,device0,37.4391043,126.81552420000001,97,1,1
2020-10-23,15:19:14,gps,device0,37.43918416,126.81558829999999,79,1,1
2020-10-23,15:19:15,gps,device0,37.43930743,126.8156139,97,1,1
2020-10-23,15:19:16,gps,device0,37.43945881,126.8156518,97,1,1
2020-10-23,15:19:17,gps,device0,37.43957545,126.8157659,97,1,1
2020-10-23,15:19:18,gps,device0,37.43968741,126.81585020000001,79,1,1
2020-10-23,15:19:19,gps,device0,37.43978147,126.81594650000001,97,1,1
2020-10-23,15:19:20,gps,device0,37.43981792,126.81606529999999,98,1,1
2020-10-23,15:19:21,gps,device0,37.43974219,126.81620259999998,96,1,1
2020-10-23,15:19:22,gps,device0,37.43965627,126.8162908,95,1,1
2020-10-23,15:19:23,gps,device0,37.43943027,126.81626750000001,93,1,1
2020-10-23,15:19:24,gps,device0,37.43893709,126.815656,89,1,1
2020-10-23,15:19:25,gps,device0,37.43877311,126.81557179999999,83,1,1
2020-10-23,15:19:26,gps,device0,37.43866802,126.81573229999998,79,1,1
2020-10-23,15:19:27,gps,device0,37.43848933,126.81597649999999,77,1,1
2020-10-23,15:19:28,gps,device0,37.43830345,126.8161425,76,1,1
2020-10-23,15:19:29,gps,device0,37.437746000000004,126.81609509999998,75,1,1
2020-10-23,15:19:30,gps,device0,37.43763535,126.81640300000001,74,1,1
2020-10-23,15:19:31,gps,device0,37.43747124,126.8166237,73,1,1
2020-10-23,15:19:32,gps,device0,37.43732365,126.81679040000002,70,1,1
2020-10-23,15:19:33,gps,device0,37.43716696,126.8169604,69,1,1
2020-10-23,15:19:34,gps,device0,37.43697278,126.81713570000001,67,1,1
2020-10-23,15:19:35,gps,device0,37.43677845,126.8173061,65,1,1
2020-10-23,15:19:36,gps,device0,37.43657862,126.81748049999999,63,1,1
2020-10-23,15:19:37,gps,device0,37.43637286,126.8176582,61,1,1
2020-10-23,15:19:38,gps,device0,37.43588332,126.817917,59,1,1
2020-10-23,15:19:39,gps,device0,37.43561001,126.8180963,58,1,1
2020-10-23,15:19:40,gps,device0,37.43539385,126.818262,57,1,1
2020-10-23,15:19:41,gps,device0,37.435203,126.81843490000001,57,1,1
2020-10-23,15:19:42,gps,device0,37.43500307,126.8186037,58,1,1
2020-10-23,15:19:43,gps,device0,37.43481274,126.8187693,63,1,1
2020-10-23,15:19:44,gps,device0,37.43463463,126.81893229999999,69,1,1
2020-10-23,15:19:45,gps,device0,37.43446351,126.81909340000001,77,1,1
2020-10-23,15:19:46,gps,device0,37.43429724,126.8192498,83,1,1
2020-10-23,15:19:47,gps,device0,37.43413353,126.8194048,89,1,1
2020-10-23,15:19:48,gps,device0,37.43397454,126.8195578,97,1,1
2020-10-23,15:19:49,gps,device0,37.43381902,126.8197047,102,1,1
2020-10-23,15:19:50,gps,device0,37.43366435,126.81985159999998,107,1,1
2020-10-23,15:19:51,gps,device0,37.43350787,126.82000239999999,112,1,1
2020-10-23,15:19:52,gps,device0,37.43336056,126.8201443,113,1,1
2020-10-23,15:19:53,gps,device0,37.4332168,126.8202835,113,1,1
2020-10-23,15:19:54,gps,device0,37.43307383,126.82042340000002,112,1,1
2020-10-23,15:19:55,gps,device0,37.43292075,126.8205598,111,1,1
2020-10-23,15:19:56,gps,device0,37.43275068,126.8207106,110,1,1
2020-10-23,15:19:57,gps,device0,37.43259819,126.82084990000001,109,1,1
2020-10-23,15:19:58,gps,device0,37.43244092,126.82099,109,1,1
2020-10-23,15:19:59,gps,device0,37.43228334,126.82113659999999,107,1,1
2020-10-23,15:20:00,gps,device0,37.43212157,126.821285,107,1,1
2020-10-23,15:20:01,gps,device0,37.4319537,126.8214384,106,1,1
2020-10-23,15:20:02,gps,device0,37.43178338,126.82159490000001,105,1,1
2020-10-23,15:20:03,gps,device0,37.43161052,126.8217551,104,1,1
2020-10-23,15:20:04,gps,device0,37.43143437,126.8219197,104,1,1
2020-10-23,15:20:05,gps,device0,37.4312581,126.82208700000001,103,1,1
2020-10-23,15:20:06,gps,device0,37.43107424,126.82226170000001,103,1,1
2020-10-23,15:20:07,gps,device0,37.43088793,126.82244170000001,102,1,1
2020-10-23,15:20:08,gps,device0,37.43070373,126.8226189,102,1,1
2020-10-23,15:20:09,gps,device0,37.43051976,126.8227895,101,1,1
2020-10-23,15:20:10,gps,device0,37.43033763,126.82295829999998,100,1,1
2020-10-23,15:20:11,gps,device0,37.43015419,126.8231284,99,1,1
2020-10-23,15:20:12,gps,device0,37.42997443,126.8232979,98,1,1
2020-10-23,15:20:13,gps,device0,37.42979638,126.8234672,97,1,1
2020-10-23,15:20:14,gps,device0,37.42961808,126.82363840000001,96,1,1
2020-10-23,15:20:15,gps,device0,37.42944082,126.82380619999999,95,1,1
2020-10-23,15:20:16,gps,device0,37.42926087,126.82397140000002,95,1,1
2020-10-23,15:20:17,gps,device0,37.42907909,126.8241344,95,1,1
2020-10-23,15:20:18,gps,device0,37.42889595,126.82429409999999,95,1,1
2020-10-23,15:20:19,gps,device0,37.42870572,126.82445259999999,95,1,1
2020-10-23,15:20:20,gps,device0,37.42851149,126.8246165,96,1,1
2020-10-23,15:20:21,gps,device0,37.42830699,126.8247743,96,1,0
2020-10-23,15:20:22,gps,device0,37.42810097,126.82492890000002,96,1,0
2020-10-23,15:20:23,gps,device0,37.42789153,126.82507679999999,96,1,0
2020-10-23,15:20:24,gps,device0,37.42767659,126.8252233,96,1,0
2020-10-23,15:20:25,gps,device0,37.427460100000005,126.8253592,97,1,1
2020-10-23,15:20:26,gps,device0,37.42723969,126.82548829999999,96,1,1
2020-10-23,15:20:27,gps,device0,37.42701576,126.82561299999999,96,1,1
2020-10-23,15:20:28,gps,device0,37.42678553,126.8257327,95,1,1
2020-10-23,15:20:29,gps,device0,37.42655796,126.8258469,95,1,1
2020-10-23,15:20:30,gps,device0,37.42633539,126.82594920000001,94,1,1
2020-10-23,15:20:31,gps,device0,37.42611209,126.8260425,94,1,1
2020-10-23,15:20:32,gps,device0,37.42588543,126.82613059999998,93,1,1
2020-10-23,15:20:33,gps,device0,37.42565499,126.82621540000001,93,1,1
2020-10-23,15:20:34,gps,device0,37.42543065,126.82629740000002,93,1,1
2020-10-23,15:20:35,gps,device0,37.42519973,126.826384,94,1,1
2020-10-23,15:20:36,gps,device0,37.42496801,126.82647620000002,94,1,1
2020-10-23,15:20:37,gps,device0,37.4247343,126.8265676,94,1,1
2020-10-23,15:20:38,gps,device0,37.42449854,126.8266559,94,1,1
2020-10-23,15:20:39,gps,device0,37.42426001,126.82674850000001,94,1,1
2020-10-23,15:20:40,gps,device0,37.42402139,126.82683999999999,93,1,1
2020-10-23,15:20:41,gps,device0,37.42378202,126.8269328,92,1,1
2020-10-23,15:20:42,gps,device0,37.42354288,126.8270264,91,1,1
2020-10-23,15:20:43,gps,device0,37.42330447,126.8271173,90,1,1
2020-10-23,15:20:44,gps,device0,37.42306458,126.8272128,89,1,1
2020-10-23,15:20:45,gps,device0,37.42282463,126.8273101,88,1,1
2020-10-23,15:20:46,gps,device0,37.42258517,126.82740179999999,78,1,1
2020-10-23,15:20:47,gps,device0,37.42234563,126.82749369999999,78,1,1
2020-10-23,15:20:48,gps,device0,37.42209939,126.8275835,87,1,1
2020-10-23,15:20:49,gps,device0,37.42185099,126.8276781,78,1,1
2020-10-23,15:20:50,gps,device0,37.42159966,126.8277737,87,1,1
2020-10-23,15:20:51,gps,device0,37.42134997,126.82786920000001,87,1,1
2020-10-23,15:20:52,gps,device0,37.42110189,126.8279646,87,1,1
2020-10-23,15:20:53,gps,device0,37.42085868,126.82805390000001,88,1,1
2020-10-23,15:20:54,gps,device0,37.42062118,126.82814029999999,89,1,1
2020-10-23,15:20:55,gps,device0,37.42038504,126.82822890000001,88,1,1
2020-10-23,15:20:56,gps,device0,37.42015368,126.82831399999999,87,1,1
2020-10-23,15:20:57,gps,device0,37.41992255,126.82839840000001,85,1,1
2020-10-23,15:20:58,gps,device0,37.41969544,126.8284885,84,1,1
2020-10-23,15:20:59,gps,device0,37.41947009,126.8285793,83,1,1
2020-10-23,15:21:00,gps,device0,37.419242499999996,126.8286717,83,1,1
2020-10-23,15:21:01,gps,device0,37.41901128,126.828763,84,1,1
2020-10-23,15:21:02,gps,device0,37.41878306,126.82885279999999,84,1,1
2020-10-23,15:21:03,gps,device0,37.41855322,126.82894280000001,84,1,1
2020-10-23,15:21:04,gps,device0,37.41832269,126.82903629999998,84,1,1
2020-10-23,15:21:05,gps,device0,37.41809196,126.8291328,84,1,1
2020-10-23,15:21:06,gps,device0,37.41786107,126.82922830000001,84,1,1
2020-10-23,15:21:07,gps,device0,37.41762837,126.82932279999999,85,1,1
2020-10-23,15:21:08,gps,device0,37.41740291,126.829408,85,1,1
2020-10-23,15:21:09,gps,device0,37.41717808,126.82949599999999,85,1,1
2020-10-23,15:21:10,gps,device0,37.41695334,126.8295855,86,1,1
2020-10-23,15:21:11,gps,device0,37.41673065,126.8296737,87,1,1
2020-10-23,15:21:12,gps,device0,37.41651324,126.82975970000001,88,1,1
2020-10-23,15:21:13,gps,device0,37.4163066,126.829843,89,1,1
2020-10-23,15:21:14,gps,device0,37.41611084,126.8299203,89,1,1
2020-10-23,15:21:15,gps,device0,37.41592706,126.82999199999999,88,1,1
2020-10-23,15:21:16,gps,device0,37.41574952,126.8300608,87,1,1
2020-10-23,15:21:17,gps,device0,37.41557739,126.83013009999999,85,1,1
2020-10-23,15:21:18,gps,device0,37.4154039,126.83019820000001,84,1,1
2020-10-23,15:21:19,gps,device0,37.41523128,126.83025959999999,82,1,1
2020-10-23,15:21:20,gps,device0,37.41506592,126.83032079999998,80,1,1
2020-10-23,15:21:21,gps,device0,37.41490547,126.83038429999999,79,1,1
2020-10-23,15:21:22,gps,device0,37.41474948,126.83044950000001,77,1,1
2020-10-23,15:21:23,gps,device0,37.41459814,126.8305206,76,1,1
2020-10-23,15:21:24,gps,device0,37.41445192,126.8305875,74,1,1
2020-10-23,15:21:25,gps,device0,37.41430578,126.83065520000001,70,1,1
2020-10-23,15:21:26,gps,device0,37.41416786,126.8307209,67,1,1
2020-10-23,15:21:27,gps,device0,37.414026299999996,126.83078300000001,65,1,1
2020-10-23,15:21:28,gps,device0,37.41389055,126.83084299999999,64,1,1
2020-10-23,15:21:29,gps,device0,37.41375683,126.83089820000001,62,1,1
2020-10-23,15:21:30,gps,device0,37.41362426,126.8309531,63,1,1
2020-10-23,15:21:31,gps,device0,37.41349401,126.8310041,66,1,1
2020-10-23,15:21:32,gps,device0,37.41335063,126.83106029999999,70,1,1
2020-10-23,15:21:33,gps,device0,37.41319258,126.83111809999998,75,1,1
2020-10-23,15:21:34,gps,device0,37.41301095,126.8311841,80,1,1
2020-10-23,15:21:35,gps,device0,37.41281253,126.83125520000002,88,1,1
2020-10-23,15:21:36,gps,device0,37.4126057,126.83133000000001,86,1,1
2020-10-23,15:21:37,gps,device0,37.41238836,126.83139979999999,86,1,1
2020-10-23,15:21:38,gps,device0,37.41216621,126.8314696,85,1,1
2020-10-23,15:21:39,gps,device0,37.41193454,126.8315463,84,1,1
2020-10-23,15:21:40,gps,device0,37.41168554,126.83163390000001,82,1,1
2020-10-23,15:21:41,gps,device0,37.41142729,126.8317203,83,1,1
2020-10-23,15:21:42,gps,device0,37.41116667,126.8318327,82,1,1
2020-10-23,15:21:43,gps,device0,37.41090654,126.83196409999998,82,1,1
2020-10-23,15:21:44,gps,device0,37.41066099,126.832108,81,1,1
2020-10-23,15:21:45,gps,device0,37.41041911,126.8322575,80,1,1
2020-10-23,15:21:46,gps,device0,37.41017809,126.8324227,79,1,1
2020-10-23,15:21:47,gps,device0,37.40994188,126.8325997,78,1,1
2020-10-23,15:21:48,gps,device0,37.40969897,126.83280409999999,77,1,1
2020-10-23,15:21:49,gps,device0,37.40947851,126.83299769999999,75,1,1
2020-10-23,15:21:50,gps,device0,37.40925265,126.833221,74,1,1
2020-10-23,15:21:51,gps,device0,37.40903724,126.8334452,73,1,1
2020-10-23,15:21:52,gps,device0,37.40882712,126.83367140000001,73,1,1
2020-10-23,15:21:53,gps,device0,37.40862408,126.83389540000002,73,1,1
2020-10-23,15:21:54,gps,device0,37.40842347,126.83411670000001,73,1,1
2020-10-23,15:21:55,gps,device0,37.4082221,126.8343312,73,1,1
2020-10-23,15:21:56,gps,device0,37.40802834,126.83453370000001,74,1,1
2020-10-23,15:21:57,gps,device0,37.40783944,126.8347376,74,1,1
2020-10-23,15:21:58,gps,device0,37.40764789,126.83494420000001,74,1,1
2020-10-23,15:21:59,gps,device0,37.40745566,126.8351476,75,1,1
2020-10-23,15:22:00,gps,device0,37.40726376,126.83535149999999,75,1,1
2020-10-23,15:22:01,gps,device0,37.40708202,126.83556010000001,74,1,1
2020-10-23,15:22:02,gps,device0,37.40689691,126.83577439999999,74,1,1
2020-10-23,15:22:03,gps,device0,37.40671674,126.83599369999999,74,1,1
2020-10-23,15:22:04,gps,device0,37.40654369,126.83619909999999,74,1,1
2020-10-23,15:22:05,gps,device0,37.40637198,126.8364038,74,1,1
2020-10-23,15:22:06,gps,device0,37.40619897,126.83660549999999,75,1,1
2020-10-23,15:22:07,gps,device0,37.40602889,126.83680890000001,77,1,1
2020-10-23,15:22:08,gps,device0,37.40585426,126.8370145,78,1,1
2020-10-23,15:22:09,gps,device0,37.40568321,126.83721609999998,80,1,1
2020-10-23,15:22:10,gps,device0,37.40551838,126.83741540000001,82,1,1
2020-10-23,15:22:11,gps,device0,37.40535336,126.8376096,83,1,1
2020-10-23,15:22:12,gps,device0,37.40518939,126.837804,83,1,1
2020-10-23,15:22:13,gps,device0,37.40503358,126.83799609999998,83,1,1
2020-10-23,15:22:14,gps,device0,37.40487351,126.83819209999999,83,1,1
2020-10-23,15:22:15,gps,device0,37.40470806,126.8383923,84,1,1
2020-10-23,15:22:16,gps,device0,37.40454677,126.83858799999999,85,1,1
2020-10-23,15:22:17,gps,device0,37.40438404,126.8387825,85,1,1
2020-10-23,15:22:18,gps,device0,37.40422011,126.838976,84,1,1
2020-10-23,15:22:19,gps,device0,37.40405729,126.83916509999999,84,1,1
2020-10-23,15:22:20,gps,device0,37.40389417,126.8393545,83,1,1
2020-10-23,15:22:21,gps,device0,37.40372887,126.8395453,81,1,1
2020-10-23,15:22:22,gps,device0,37.40356441,126.8397366,78,1,1
2020-10-23,15:22:23,gps,device0,37.40339939,126.83992759999998,76,1,1
2020-10-23,15:22:24,gps,device0,37.40322826,126.84012320000001,76,1,1
2020-10-23,15:22:25,gps,device0,37.40305989,126.8403169,77,1,1
2020-10-23,15:22:26,gps,device0,37.40288762,126.84050520000001,79,1,1
2020-10-23,15:22:27,gps,device0,37.40271287,126.8406845,80,1,1
2020-10-23,15:22:28,gps,device0,37.40254313,126.84087350000001,81,1,0
2020-10-23,15:22:29,gps,device0,37.40237677,126.8410642,84,1,0
2020-10-23,15:22:30,gps,device0,37.40220533,126.84124750000001,87,1,0
2020-10-23,15:22:31,gps,device0,37.40203946,126.84143200000001,89,1,0
2020-10-23,15:22:32,gps,device0,37.40187152,126.84161840000002,92,1,0
2020-10-23,15:22:33,gps,device0,37.40170729,126.841792,95,1,0
2020-10-23,15:22:34,gps,device0,37.401544200000004,126.84197009999998,99,1,1
2020-10-23,15:22:35,gps,device0,37.40138399,126.8421479,102,1,1
2020-10-23,15:22:36,gps,device0,37.40122477,126.84232469999999,105,1,1
2020-10-23,15:22:37,gps,device0,37.40106279,126.8425057,107,1,1
2020-10-23,15:22:38,gps,device0,37.40090179,126.84269429999999,108,1,1
2020-10-23,15:22:39,gps,device0,37.40073932,126.84287909999999,109,1,1
2020-10-23,15:22:40,gps,device0,37.40057684,126.8430564,108,1,1
2020-10-23,15:22:41,gps,device0,37.40041192,126.84322990000001,170,1,1
2020-10-23,15:22:42,gps,device0,37.40024374,126.843411,106,1,1
2020-10-23,15:22:43,gps,device0,37.40007542,126.8435946,103,1,1
2020-10-23,15:22:44,gps,device0,37.39990858,126.84377749999999,102,1,1
2020-10-23,15:22:45,gps,device0,37.39974335,126.84395759999998,130,1,1
2020-10-23,15:22:46,gps,device0,37.3995774,126.84413909999998,140,1,1
2020-10-23,15:22:47,gps,device0,37.39941982,126.8443118,105,1,1
2020-10-23,15:22:48,gps,device0,37.39926417,126.84448119999999,107,1,1
2020-10-23,15:22:49,gps,device0,37.3991099,126.844651,109,1,1
2020-10-23,15:22:50,gps,device0,37.39895617,126.84481969999999,109,1,1
2020-10-23,15:22:51,gps,device0,37.39879989,126.844991,109,1,1
2020-10-23,15:22:52,gps,device0,37.39864968,126.8451543,108,1,1
2020-10-23,15:22:53,gps,device0,37.39850097,126.84531670000001,107,1,1
2020-10-23,15:22:54,gps,device0,37.3983468,126.84548459999999,107,1,1
2020-10-23,15:22:55,gps,device0,37.39819299,126.84565249999999,107,1,1
2020-10-23,15:22:56,gps,device0,37.39803703,126.84582179999998,106,1,1
2020-10-23,15:22:57,gps,device0,37.39788176,126.8459922,105,1,1
2020-10-23,15:22:58,gps,device0,37.39772905,126.8461614,106,1,1
2020-10-23,15:22:59,gps,device0,37.39757541,126.8463327,104,1,1
2020-10-23,15:23:00,gps,device0,37.39742288,126.8465028,103,1,1
2020-10-23,15:23:01,gps,device0,37.39727014,126.846674,102,1,1
2020-10-23,15:23:02,gps,device0,37.397108100000004,126.84685390000001,100,1,1
2020-10-23,15:23:03,gps,device0,37.39694968,126.8470314,98,1,1
2020-10-23,15:23:04,gps,device0,37.39678844,126.84721019999999,96,1,1
2020-10-23,15:23:05,gps,device0,37.39662737,126.8473879,95,1,1
2020-10-23,15:23:06,gps,device0,37.39646819,126.84756259999999,94,1,1
2020-10-23,15:23:07,gps,device0,37.39631356,126.84773259999999,93,1,1
2020-10-23,15:23:08,gps,device0,37.39616109,126.8479021,91,1,1
2020-10-23,15:23:09,gps,device0,37.39601243,126.84807109999998,90,1,1
2020-10-23,15:23:10,gps,device0,37.39585805,126.84824429999999,90,1,1
2020-10-23,15:23:11,gps,device0,37.39570404,126.8484166,89,1,1
2020-10-23,15:23:12,gps,device0,37.39555592,126.848583,89,1,1
2020-10-23,15:23:13,gps,device0,37.39542515,126.84873119999999,88,1,0
2020-10-23,15:23:14,gps,device0,37.39528759,126.848887,87,1,0
2020-10-23,15:23:15,gps,device0,37.39515421,126.84903670000001,86,1,1
2020-10-23,15:23:16,gps,device0,37.39502331,126.84918470000001,86,1,1
2020-10-23,15:23:17,gps,device0,37.3949029,126.84932549999999,86,1,0
2020-10-23,15:23:18,gps,device0,37.39478137,126.84945829999998,85,1,0
2020-10-23,15:23:19,gps,device0,37.39468852,126.8495562,85,1,0
2020-10-23,15:23:20,gps,device0,37.39457683,126.8496709,85,1,0
2020-10-23,15:23:21,gps,device0,37.39445893,126.8497946,84,1,0
2020-10-23,15:23:22,gps,device0,37.39433176,126.84993670000001,83,1,1
2020-10-23,15:23:23,gps,device0,37.39420425,126.85007979999999,82,1,1
2020-10-23,15:23:24,gps,device0,37.39406715,126.8502314,82,1,1
2020-10-23,15:23:25,gps,device0,37.39391988,126.850394,81,1,1
2020-10-23,15:23:26,gps,device0,37.39376793,126.85056670000002,81,1,1
2020-10-23,15:23:27,gps,device0,37.39361739,126.8507355,80,1,1
2020-10-23,15:23:28,gps,device0,37.39346477,126.8509102,80,1,1
2020-10-23,15:23:29,gps,device0,37.3933196,126.8510797,80,1,1
2020-10-23,15:23:30,gps,device0,37.39317503,126.85124750000001,81,1,1
2020-10-23,15:23:31,gps,device0,37.39302909,126.85141329999999,81,1,1
2020-10-23,15:23:32,gps,device0,37.39288242,126.8515813,82,1,1
2020-10-23,15:23:33,gps,device0,37.39273677,126.85174640000001,83,1,1
2020-10-23,15:23:34,gps,device0,37.39259291,126.85190790000001,83,1,1
2020-10-23,15:23:35,gps,device0,37.39245294,126.85206310000001,84,1,1
2020-10-23,15:23:36,gps,device0,37.39230903,126.85221969999999,84,1,1
2020-10-23,15:23:37,gps,device0,37.39216515,126.8523761,83,1,1
2020-10-23,15:23:38,gps,device0,37.39201201,126.85253020000002,84,1,1
2020-10-23,15:23:39,gps,device0,37.39186469,126.85267320000001,85,1,1
2020-10-23,15:23:40,gps,device0,37.39171475,126.8528078,86,1,1
2020-10-23,15:23:41,gps,device0,37.39156003,126.8529378,87,1,1
2020-10-23,15:23:42,gps,device0,37.39140381,126.8530642,88,1,1
2020-10-23,15:23:43,gps,device0,37.39124735,126.8531871,88,1,1
2020-10-23,15:23:44,gps,device0,37.39109251,126.853301,91,1,1
2020-10-23,15:23:45,gps,device0,37.39093743,126.8534144,94,1,1
2020-10-23,15:23:46,gps,device0,37.39077934,126.853527,98,1,1
2020-10-23,15:23:47,gps,device0,37.39061827,126.8536379,100,1,1
2020-10-23,15:23:48,gps,device0,37.39045314,126.85374650000001,101,1,1
2020-10-23,15:23:49,gps,device0,37.39028411,126.85385090000001,100,1,1
2020-10-23,15:23:50,gps,device0,37.39011388,126.8539524,101,1,1
2020-10-23,15:23:51,gps,device0,37.38994307,126.85404199999999,101,1,1
2020-10-23,15:23:52,gps,device0,37.38978412,126.85412759999998,101,1,1
2020-10-23,15:23:53,gps,device0,37.38962376,126.8542075,100,1,1
2020-10-23,15:23:54,gps,device0,37.38945552,126.85429280000001,98,1,1
2020-10-23,15:23:55,gps,device0,37.38928539,126.8543743,97,1,1
2020-10-23,15:23:56,gps,device0,37.38910929,126.8544524,96,1,1
2020-10-23,15:23:57,gps,device0,37.38892769,126.8545287,95,1,1
2020-10-23,15:23:58,gps,device0,37.388743100000006,126.85460309999999,93,1,1
2020-10-23,15:23:59,gps,device0,37.38855667,126.85467340000002,92,1,1
2020-10-23,15:24:00,gps,device0,37.3883622,126.85474070000001,90,1,1
2020-10-23,15:24:01,gps,device0,37.38816262,126.8548044,89,1,1
2020-10-23,15:24:02,gps,device0,37.38796386,126.8548686,88,1,1
2020-10-23,15:24:03,gps,device0,37.38776703,126.85492930000001,87,1,1
2020-10-23,15:24:04,gps,device0,37.38756414,126.8549838,86,1,1
2020-10-23,15:24:05,gps,device0,37.38736412,126.8550403,86,1,1
2020-10-23,15:24:06,gps,device0,37.38717082,126.8550929,87,1,1
2020-10-23,15:24:07,gps,device0,37.38697788,126.85514369999999,87,1,1
2020-10-23,15:24:08,gps,device0,37.38678134,126.8551832,88,1,1
2020-10-23,15:24:09,gps,device0,37.38658155,126.8552188,87,1,1
2020-10-23,15:24:10,gps,device0,37.38638208,126.85524290000001,87,1,1
2020-10-23,15:24:11,gps,device0,37.38618146,126.8552549,87,1,1
2020-10-23,15:24:12,gps,device0,37.38598027,126.8552673,87,1,1
2020-10-23,15:24:13,gps,device0,37.38577984,126.8552762,87,1,1
2020-10-23,15:24:14,gps,device0,37.38558617,126.8552876,88,1,1
2020-10-23,15:24:14,gps,device0,37.38558617,126.8552876,88,1,1
2020-10-23,15:24:15,gps,device0,37.38540018,126.8553114,88,1,1
2020-10-23,15:24:16,gps,device0,37.38521025,126.85533909999998,88,1,1
2020-10-23,15:24:17,gps,device0,37.38501676,126.8553675,88,1,1
2020-10-23,15:24:18,gps,device0,37.38482052,126.85539879999999,88,1,1
2020-10-23,15:24:19,gps,device0,37.38460662,126.85542930000001,87,1,1
2020-10-23,15:24:20,gps,device0,37.38438417,126.85545990000001,87,1,1
2020-10-23,15:24:21,gps,device0,37.38416751,126.85548370000001,87,1,1
2020-10-23,15:24:22,gps,device0,37.38394927,126.85550559999999,87,1,1
2020-10-23,15:24:23,gps,device0,37.38372409,126.85553859999999,86,1,1
2020-10-23,15:24:24,gps,device0,37.38349979,126.85557150000001,86,1,1
2020-10-23,15:24:25,gps,device0,37.38326869,126.8555906,85,1,1
2020-10-23,15:24:26,gps,device0,37.38303021,126.85562620000002,84,1,1
2020-10-23,15:24:27,gps,device0,37.38277381,126.85566670000001,84,1,1
2020-10-23,15:24:28,gps,device0,37.3825115,126.85570829999999,82,1,1
2020-10-23,15:24:29,gps,device0,37.38226196,126.85574550000001,81,1,1
2020-10-23,15:24:30,gps,device0,37.38200955,126.8557773,76,1,1
2020-10-23,15:24:31,gps,device0,37.38175843,126.8558025,70,1,1
2020-10-23,15:24:32,gps,device0,37.38150049,126.8558271,64,1,1
2020-10-23,15:24:33,gps,device0,37.38123558,126.85584850000001,61,1,1
2020-10-23,15:24:34,gps,device0,37.38097105,126.8558709,59,1,1
2020-10-23,15:24:35,gps,device0,37.38070824,126.85589679999998,54,0,0
2020-10-23,15:24:36,gps,device0,37.38044197,126.85592890000001,49,0,0
2020-10-23,15:24:37,gps,device0,37.38016618,126.8559588,47,0,0
2020-10-23,15:24:38,gps,device0,37.37989473,126.8559909,46,0,0
2020-10-23,15:24:39,gps,device0,37.37962956,126.8560261,48,0,0
2020-10-23,15:24:40,gps,device0,37.37936679999999,126.85606580000001,50,0,0
2020-10-23,15:24:41,gps,device0,37.37910303,126.85610829999999,51,0,0
2020-10-23,15:24:42,gps,device0,37.37884053,126.85615349999999,51,0,0
2020-10-23,15:24:43,gps,device0,37.3785778,126.8561951,52,0,0
2020-10-23,15:24:44,gps,device0,37.3783161,126.8562452,53,0,0
2020-10-23,15:24:45,gps,device0,37.378043,126.8563215,54,0,0
2020-10-23,15:24:46,gps,device0,37.37778171,126.8564243,53,0,0
2020-10-23,15:24:47,gps,device0,37.37752274,126.85652900000001,51,0,0
2020-10-23,15:24:48,gps,device0,37.37728003,126.85663559999999,48,0,1
2020-10-23,15:24:49,gps,device0,37.37703632,126.85675659999998,47,0,1
2020-10-23,15:24:50,gps,device0,37.37679266,126.85687730000001,47,0,1
2020-10-23,15:24:51,gps,device0,37.37655872,126.8569997,48,0,1
2020-10-23,15:24:52,gps,device0,37.37633494,126.85712759999998,48,0,1
2020-10-23,15:24:53,gps,device0,37.37611257,126.857254,48,0,1
2020-10-23,15:24:54,gps,device0,37.37589737,126.85737859999999,48,0,1
2020-10-23,15:24:55,gps,device0,37.37568124,126.857506,48,0,1
2020-10-23,15:24:56,gps,device0,37.37546429,126.8576504,48,0,1
2020-10-23,15:24:57,gps,device0,37.37526436,126.857799,48,0,1
2020-10-23,15:24:58,gps,device0,37.37506732,126.8579335,48,0,1
2020-10-23,15:24:59,gps,device0,37.37486307,126.8580683,48,0,1
2020-10-23,15:25:00,gps,device0,37.37467436,126.858205,48,0,1
2020-10-23,15:25:01,gps,device0,37.37448611,126.8583467,48,0,1
2020-10-23,15:25:02,gps,device0,37.37430541,126.85849350000001,48,0,1
2020-10-23,15:25:03,gps,device0,37.37412570000001,126.8586415,47,0,1
2020-10-23,15:25:04,gps,device0,37.37394982,126.85878899999999,44,0,1
2020-10-23,15:25:05,gps,device0,37.37379204,126.85894009999998,41,0,1
2020-10-23,15:25:06,gps,device0,37.37363022,126.85909640000001,35,0,1
2020-10-23,15:25:07,gps,device0,37.37345692,126.859255,31,0,1
2020-10-23,15:25:08,gps,device0,37.37328265,126.8594149,28,0,1
2020-10-23,15:25:09,gps,device0,37.37311249,126.8595777,26,0,1
2020-10-23,15:25:10,gps,device0,37.37294557,126.85974509999998,26,0,1
2020-10-23,15:25:11,gps,device0,37.37277878,126.85991990000001,26,0,1
2020-10-23,15:25:12,gps,device0,37.37261686,126.86009969999999,27,0,1
2020-10-23,15:25:13,gps,device0,37.37245915,126.860277,30,0,1
2020-10-23,15:25:14,gps,device0,37.37230678,126.8604555,32,0,1
2020-10-23,15:25:15,gps,device0,37.37216355,126.86062859999998,34,0,1
2020-10-23,15:25:16,gps,device0,37.37201887,126.86080759999999,36,0,1
2020-10-23,15:25:17,gps,device0,37.37188205,126.8609813,39,0,1
2020-10-23,15:25:18,gps,device0,37.37174256,126.8611568,40,0,1
2020-10-23,15:25:19,gps,device0,37.37161326,126.8613402,42,0,1
2020-10-23,15:25:20,gps,device0,37.3714825,126.861519,43,0,1
2020-10-23,15:25:21,gps,device0,37.37135922,126.86170729999999,45,0,1
2020-10-23,15:25:22,gps,device0,37.37123444,126.86189879999999,46,0,1
2020-10-23,15:25:23,gps,device0,37.3711156,126.86209450000001,46,0,1
2020-10-23,15:25:24,gps,device0,37.37099281,126.86229809999999,45,0,1
2020-10-23,15:25:25,gps,device0,37.37087284,126.8625031,44,0,1
2020-10-23,15:25:26,gps,device0,37.37075652,126.8627126,43,0,1
2020-10-23,15:25:27,gps,device0,37.37063964,126.86292549999999,43,0,1
2020-10-23,15:25:28,gps,device0,37.37052371,126.8631461,42,0,1
2020-10-23,15:25:29,gps,device0,37.37040819,126.8633745,41,0,1
2020-10-23,15:25:30,gps,device0,37.37028532,126.8636093,40,0,1
2020-10-23,15:25:31,gps,device0,37.37016569,126.8638531,41,0,1
2020-10-23,15:25:32,gps,device0,37.37004682,126.86410159999998,41,0,1
2020-10-23,15:25:33,gps,device0,37.36993031,126.8643518,43,0,1
2020-10-23,15:25:34,gps,device0,37.3698162,126.8646105,44,0,1
2020-10-23,15:25:35,gps,device0,37.36971045,126.86487509999999,46,0,1
2020-10-23,15:25:36,gps,device0,37.369602,126.8651517,47,0,1
2020-10-23,15:25:37,gps,device0,37.36949894,126.86542620000002,47,0,1
2020-10-23,15:25:38,gps,device0,37.36940123,126.8657027,46,0,1
2020-10-23,15:25:39,gps,device0,37.36930189,126.8659946,44,0,1
2020-10-23,15:25:40,gps,device0,37.36920986,126.8662774,43,0,1
2020-10-23,15:25:41,gps,device0,37.36912582,126.8665601,44,0,1
2020-10-23,15:25:42,gps,device0,37.36905796,126.86681909999999,46,0,1
2020-10-23,15:25:43,gps,device0,37.36899072,126.867084,48,1,1
2020-10-23,15:25:44,gps,device0,37.36891943,126.8673527,49,1,0
2020-10-23,15:25:45,gps,device0,37.36885118,126.8676202,50,1,1
2020-10-23,15:25:46,gps,device0,37.36879074,126.8678896,50,1,1
2020-10-23,15:25:47,gps,device0,37.368730600000006,126.86815940000001,51,1,1
2020-10-23,15:25:48,gps,device0,37.3686778,126.86842630000001,51,1,1
2020-10-23,15:25:49,gps,device0,37.36863406,126.8686852,52,1,1
2020-10-23,15:25:50,gps,device0,37.36859126,126.86894640000001,53,1,1
2020-10-23,15:25:51,gps,device0,37.3685515,126.869207,54,1,1
2020-10-23,15:25:52,gps,device0,37.36851599,126.86946429999999,54,1,1
2020-10-23,15:25:53,gps,device0,37.36848726,126.8697226,55,1,1
2020-10-23,15:25:54,gps,device0,37.36845483,126.86998349999999,55,1,1
2020-10-23,15:25:55,gps,device0,37.36843014,126.8702493,53,1,1
2020-10-23,15:25:56,gps,device0,37.36841033,126.87051720000001,52,0,1
2020-10-23,15:25:57,gps,device0,37.36839428,126.8707894,49,0,1
2020-10-23,15:25:58,gps,device0,37.36837955,126.8710654,47,0,1
2020-10-23,15:25:59,gps,device0,37.36836767,126.8713487,46,0,1
2020-10-23,15:26:00,gps,device0,37.36835598,126.87162839999999,45,0,1
2020-10-23,15:26:01,gps,device0,37.36834524,126.8719044,45,0,1
2020-10-23,15:26:02,gps,device0,37.36834228,126.87218200000001,47,0,1
2020-10-23,15:26:03,gps,device0,37.36834901,126.872449,50,0,1
2020-10-23,15:26:04,gps,device0,37.36835798,126.8727187,51,0,1
2020-10-23,15:26:05,gps,device0,37.36837007,126.8729896,53,0,1
2020-10-23,15:26:06,gps,device0,37.3683826,126.87325390000001,54,0,1
2020-10-23,15:26:07,gps,device0,37.36839545,126.87351840000001,55,0,1
2020-10-23,15:26:08,gps,device0,37.36841004,126.87378000000001,56,0,1
2020-10-23,15:26:09,gps,device0,37.36842725,126.8740385,57,0,1
2020-10-23,15:26:10,gps,device0,37.36844416,126.874292,58,0,1
2020-10-23,15:26:11,gps,device0,37.36846388,126.8745449,59,0,1
2020-10-23,15:26:12,gps,device0,37.36848467,126.8747982,60,0,1
2020-10-23,15:26:13,gps,device0,37.3685096,126.8750487,61,0,1
2020-10-23,15:26:14,gps,device0,37.36853397,126.8753023,60,0,1
2020-10-23,15:26:15,gps,device0,37.36856396,126.8755567,59,0,1
2020-10-23,15:26:16,gps,device0,37.36859955,126.8758098,58,0,1
2020-10-23,15:26:17,gps,device0,37.3686357,126.87606059999999,57,0,1
2020-10-23,15:26:18,gps,device0,37.36867235,126.87630990000001,56,1,1
2020-10-23,15:26:19,gps,device0,37.36870909,126.8765553,55,0,0
2020-10-23,15:26:20,gps,device0,37.36874311,126.87679540000002,53,0,0
2020-10-23,15:26:21,gps,device0,37.36878102,126.87702949999999,52,0,0
2020-10-23,15:26:22,gps,device0,37.36881944,126.8772558,51,0,0
2020-10-23,15:26:23,gps,device0,37.36885672,126.87747590000001,52,0,0
2020-10-23,15:26:24,gps,device0,37.36888796,126.87769399999999,55,0,0
2020-10-23,15:26:25,gps,device0,37.36891717,126.877898,56,0,0
2020-10-23,15:26:26,gps,device0,37.36894264,126.8780885,55,0,0
2020-10-23,15:26:27,gps,device0,37.36896868,126.8782621,55,0,0
2020-10-23,15:26:28,gps,device0,37.36899195,126.8784113,55,0,0
2020-10-23,15:26:29,gps,device0,37.36901151,126.878529,55,0,0
2020-10-23,15:26:30,gps,device0,37.36903462,126.87862290000001,55,0,0
2020-10-23,15:26:31,gps,device0,37.3690523,126.8787202,56,0,0
2020-10-23,15:26:32,gps,device0,37.36906731,126.87883300000001,56,0,0
2020-10-23,15:26:33,gps,device0,37.36908306,126.8789577,59,0,0
2020-10-23,15:26:34,gps,device0,37.36909696,126.8791057,62,1,1
2020-10-23,15:26:35,gps,device0,37.36911147,126.87926470000001,61,1,1
2020-10-23,15:26:36,gps,device0,37.36912775,126.87942690000001,61,1,1
2020-10-23,15:26:37,gps,device0,37.36914528,126.8795743,60,1,1
2020-10-23,15:26:38,gps,device0,37.36916145,126.87971740000002,59,1,1
2020-10-23,15:26:39,gps,device0,37.36917844,126.8798685,58,1,1
2020-10-23,15:26:40,gps,device0,37.36919304,126.88000459999999,59,1,1
2020-10-23,15:26:41,gps,device0,37.36920641,126.88014109999999,58,1,1
2020-10-23,15:26:42,gps,device0,37.36921656,126.88027720000001,58,1,1
2020-10-23,15:26:43,gps,device0,37.36922620000001,126.8804119,58,1,1
2020-10-23,15:26:44,gps,device0,37.36923782,126.88055109999999,59,1,1
2020-10-23,15:26:45,gps,device0,37.36924887,126.88068870000001,59,1,1
2020-10-23,15:26:46,gps,device0,37.36926059,126.88082490000001,59,1,1
2020-10-23,15:26:47,gps,device0,37.36927024,126.88096340000001,59,1,1
2020-10-23,15:26:48,gps,device0,37.36928223,126.88110490000001,59,1,1
2020-10-23,15:26:49,gps,device0,37.36928877,126.88124450000001,61,1,1
2020-10-23,15:26:50,gps,device0,37.36929865,126.8813902,65,1,1
2020-10-23,15:26:51,gps,device0,37.36931472,126.88153500000001,68,1,1
2020-10-23,15:26:52,gps,device0,37.369325599999996,126.88167859999999,70,1,1
2020-10-23,15:26:53,gps,device0,37.36933614,126.8818216,70,1,1
2020-10-23,15:26:54,gps,device0,37.36935046,126.8819565,70,1,1
2020-10-23,15:26:55,gps,device0,37.36936546,126.8820857,72,1,1
2020-10-23,15:26:56,gps,device0,37.36937906,126.8822037,71,1,1
2020-10-23,15:26:57,gps,device0,37.3693908,126.8822985,70,1,1
2020-10-23,15:26:58,gps,device0,37.36940613,126.8823824,68,1,1
2020-10-23,15:26:59,gps,device0,37.36941741,126.8824592,69,1,1
2020-10-23,15:27:00,gps,device0,37.36942999,126.8825277,70,1,1
2020-10-23,15:27:01,gps,device0,37.36943701,126.882593,71,1,1
2020-10-23,15:27:02,gps,device0,37.36944399,126.88265919999999,71,1,1
2020-10-23,15:27:03,gps,device0,37.3694494,126.8827327,71,1,1
2020-10-23,15:27:04,gps,device0,37.36945384,126.88281380000001,71,1,1
2020-10-23,15:27:05,gps,device0,37.369460499999995,126.8828996,71,1,1
2020-10-23,15:27:06,gps,device0,37.36946491,126.88299509999999,72,1,1
2020-10-23,15:27:07,gps,device0,37.36946832,126.88309509999999,72,1,1
2020-10-23,15:27:08,gps,device0,37.36946775,126.88319979999999,73,1,1
2020-10-23,15:27:09,gps,device0,37.36946816,126.883316,73,1,1
2020-10-23,15:27:10,gps,device0,37.36946778,126.8834425,73,1,1
2020-10-23,15:27:11,gps,device0,37.36946791,126.8835727,72,1,1
2020-10-23,15:27:12,gps,device0,37.36946899,126.88370959999999,72,1,1
2020-10-23,15:27:13,gps,device0,37.36947275,126.8838498,72,1,1
2020-10-23,15:27:14,gps,device0,37.3694838,126.8839831,72,1,1
2020-10-23,15:27:15,gps,device0,37.3694954,126.88411200000002,72,1,1
2020-10-23,15:27:16,gps,device0,37.36950985,126.8842381,71,0,0
2020-10-23,15:27:17,gps,device0,37.36952312,126.88436659999999,69,1,1
2020-10-23,15:27:18,gps,device0,37.36953838,126.88449609999999,69,1,1
2020-10-23,15:27:19,gps,device0,37.36955414,126.884622,69,1,1
2020-10-23,15:27:20,gps,device0,37.36956963,126.88474140000001,70,1,0
2020-10-23,15:27:21,gps,device0,37.3695857,126.88486280000001,70,1,0
2020-10-23,15:27:22,gps,device0,37.36960309,126.8849879,71,1,0
2020-10-23,15:27:23,gps,device0,37.36962104,126.8851159,74,1,0
2020-10-23,15:27:24,gps,device0,37.36963984,126.8852477,77,1,0
2020-10-23,15:27:25,gps,device0,37.36966066,126.8853846,82,1,0
2020-10-23,15:27:26,gps,device0,37.36968103,126.88552609999999,87,1,0
2020-10-23,15:27:27,gps,device0,37.36970014,126.885669,88,1,1
2020-10-23,15:27:28,gps,device0,37.36971968,126.88580549999999,78,1,1
2020-10-23,15:27:29,gps,device0,37.36973814,126.88594040000001,7,1,1
2020-10-23,15:27:30,gps,device0,37.3697565,126.8860706,68,1,1
2020-10-23,15:27:31,gps,device0,37.36977433,126.88619990000001,85,1,1
2020-10-23,15:27:32,gps,device0,37.36979376,126.88632890000001,83,1,1
2020-10-23,15:27:33,gps,device0,37.36981301,126.88645990000002,81,1,1
2020-10-23,15:27:34,gps,device0,37.36983219,126.886592,78,1,1
2020-10-23,15:27:35,gps,device0,37.36984636,126.88671509999999,71,1,0
2020-10-23,15:27:36,gps,device0,37.36986542,126.88684170000002,67,1,0
2020-10-23,15:27:37,gps,device0,37.36988482,126.88696920000001,65,1,0
2020-10-23,15:27:38,gps,device0,37.36990414,126.88709469999999,65,1,0
2020-10-23,15:27:39,gps,device0,37.36992346,126.8872201,65,1,0
2020-10-23,15:27:40,gps,device0,37.36994205,126.8873457,66,1,0
2020-10-23,15:27:41,gps,device0,37.36996063,126.8874713,67,1,0
2020-10-23,15:27:42,gps,device0,37.36998199,126.88761509999999,67,1,1
2020-10-23,15:27:43,,,,,67,1,1
2020-10-23,15:27:44,,,,,67,1,1
2020-10-23,15:27:45,,,,,66,1,1
2020-10-23,15:27:46,,,,,65,1,1
2020-10-23,15:27:47,,,,,65,1,1
2020-10-23,15:27:48,,,,,65,1,1
2020-10-23,15:27:49,,,,,65,1,1
2020-10-23,15:27:50,,,,,65,1,1
2020-10-23,15:27:51,,,,,66,1,1
2020-10-23,15:27:52,,,,,66,1,1
2020-10-23,15:27:53,,,,,65,1,1
2020-10-23,15:27:54,,,,,65,1,1
2020-10-23,15:27:55,,,,,63,1,1
2020-10-23,15:27:56,,,,,62,1,1
2020-10-23,15:27:57,,,,,61,1,1
2020-10-23,15:27:58,,,,,60,1,1
2020-10-23,15:27:59,,,,,60,1,1
2020-10-23,15:28:00,,,,,60,1,1
2020-10-23,15:28:01,,,,,60,1,1
2020-10-23,15:28:02,,,,,60,1,1
2020-10-23,15:28:03,,,,,62,1,1
2020-10-23,15:28:04,,,,,63,1,1
2020-10-23,15:28:05,,,,,65,1,1
2020-10-23,15:28:06,,,,,66,1,1
2020-10-23,15:28:07,,,,,67,1,1
2020-10-23,15:28:08,,,,,68,1,1
2020-10-23,15:28:09,,,,,70,1,1
2020-10-23,15:28:10,,,,,71,1,1
2020-10-23,15:28:11,,,,,72,1,1
2020-10-23,15:28:12,,,,,73,1,1
2020-10-23,15:28:13,,,,,76,1,1
2020-10-23,15:28:14,,,,,76,1,1
2020-10-23,15:28:15,,,,,75,1,1
2020-10-23,15:28:16,,,,,73,1,1
2020-10-23,15:28:17,,,,,72,1,1
2020-10-23,15:28:18,,,,,72,1,1
2020-10-23,15:28:19,,,,,71,1,1
2020-10-23,15:28:20,,,,,71,1,1
2020-10-23,15:28:21,,,,,71,1,1
2020-10-23,15:28:22,,,,,70,1,1
2020-10-23,15:28:23,,,,,70,1,1
2020-10-23,15:28:24,,,,,69,1,1
2020-10-23,15:28:25,,,,,69,1,1
2020-10-23,15:28:26,,,,,68,1,1
2020-10-23,15:28:27,,,,,69,1,1
2020-10-23,15:28:28,,,,,58,1,1
2020-10-23,15:28:29,,,,,72,1,1
2020-10-23,15:28:30,,,,,74,1,1
2020-10-23,15:28:31,,,,,78,1,1
2020-10-23,15:28:32,,,,,82,1,1
2020-10-23,15:28:33,,,,,85,1,1
2020-10-23,15:28:34,,,,,85,1,1
2020-10-23,15:28:35,,,,,84,1,1
2020-10-23,15:28:36,,,,,83,1,1
2020-10-23,15:28:37,,,,,82,1,1
2020-10-23,15:28:38,,,,,81,1,1
2020-10-23,15:28:39,,,,,80,1,1
2020-10-23,15:28:40,,,,,79,1,1
2020-10-23,15:28:41,,,,,78,1,1
2020-10-23,15:28:42,,,,,77,1,1
2020-10-23,15:28:43,,,,,76,1,1
2020-10-23,15:28:44,,,,,76,1,1
2020-10-23,15:28:45,,,,,76,1,1
2020-10-23,15:28:46,,,,,75,1,1
2020-10-23,15:28:47,,,,,75,0,1
2020-10-23,15:28:48,,,,,74,0,1
2020-10-23,15:28:49,,,,,73,1,1
2020-10-23,15:28:50,,,,,72,1,1
2020-10-23,15:28:51,,,,,71,1,1
2020-10-23,15:28:52,,,,,71,1,1
2020-10-23,15:28:53,,,,,71,1,1
2020-10-23,15:28:54,,,,,73,1,1
2020-10-23,15:28:55,,,,,74,1,1
2020-10-23,15:28:56,,,,,76,1,1
2020-10-23,15:28:57,,,,,79,1,1
2020-10-23,15:28:58,,,,,81,1,1
2020-10-23,15:28:59,,,,,78,1,1
2020-10-23,15:29:00,gps,device0,37.3717748,126.90205320000001,72,1,1
2020-10-23,15:29:01,gps,device0,37.37182387,126.90226840000001,70,1,1
2020-10-23,15:29:02,gps,device0,37.37186064,126.9025158,69,1,1
2020-10-23,15:29:03,gps,device0,37.3718555,126.90252959999998,68,1,1
2020-10-23,15:29:04,gps,device0,37.37187128,126.9027023,66,1,1
2020-10-23,15:29:05,gps,device0,37.37188665,126.90288670000001,65,1,1
2020-10-23,15:29:06,gps,device0,37.37191623,126.90310249999999,65,1,1
2020-10-23,15:29:07,gps,device0,37.37194929,126.90332509999999,64,1,1
2020-10-23,15:29:08,gps,device0,37.37197755,126.9035335,65,1,1
2020-10-23,15:29:09,gps,device0,37.37200941,126.90374969999999,65,1,1
2020-10-23,15:29:10,gps,device0,37.37204284,126.9039635,65,1,1
2020-10-23,15:29:11,gps,device0,37.3720742,126.90417849999999,65,1,1
2020-10-23,15:29:12,gps,device0,37.37210659,126.9043982,64,1,1
2020-10-23,15:29:13,gps,device0,37.37214076,126.90462109999999,64,1,1
2020-10-23,15:29:14,gps,device0,37.372175899999995,126.904853,65,1,1
2020-10-23,15:29:15,gps,device0,37.37221578,126.9051035,66,1,1
2020-10-23,15:29:16,gps,device0,37.372254999999996,126.90536159999999,68,1,1
2020-10-23,15:29:18,gps,device0,37.3723314,126.90589270000001,70,1,1
2020-10-23,15:29:19,gps,device0,37.37236826,126.90615290000001,69,1,1
2020-10-23,15:29:20,gps,device0,37.37240523,126.90641310000001,69,1,1
2020-10-23,15:29:21,,,,,68,1,1
2020-10-23,15:29:22,,,,,66,1,1
2020-10-23,15:29:23,,,,,64,1,1
2020-10-23,15:29:24,,,,,62,1,1
2020-10-23,15:29:25,,,,,60,1,1
2020-10-23,15:29:26,,,,,59,1,1
2020-10-23,15:29:27,,,,,59,1,1
2020-10-23,15:29:28,,,,,60,1,1
2020-10-23,15:29:29,,,,,60,1,1
2020-10-23,15:29:30,,,,,60,1,1
2020-10-23,15:29:31,,,,,61,1,1
2020-10-23,15:29:32,,,,,62,1,1
2020-10-23,15:29:33,,,,,62,1,1
2020-10-23,15:29:34,,,,,62,1,1
2020-10-23,15:29:35,,,,,63,1,1
2020-10-23,15:29:36,,,,,63,1,1
2020-10-23,15:29:37,,,,,64,1,1
2020-10-23,15:29:38,,,,,63,1,1
2020-10-23,15:29:39,,,,,63,1,1
2020-10-23,15:29:40,,,,,63,1,1
2020-10-23,15:29:41,,,,,63,1,1
2020-10-23,15:29:42,,,,,64,1,1
2020-10-23,15:29:43,,,,,65,1,1
2020-10-23,15:29:44,,,,,66,1,1
2020-10-23,15:29:45,,,,,67,1,1
2020-10-23,15:29:46,,,,,67,1,1
2020-10-23,15:29:47,,,,,68,1,1
2020-10-23,15:29:48,,,,,69,1,1
2020-10-23,15:29:49,,,,,70,1,1
2020-10-23,15:29:50,,,,,71,1,1
2020-10-23,15:29:51,,,,,71,1,1
2020-10-23,15:29:52,,,,,71,1,1
2020-10-23,15:29:53,,,,,72,1,1
2020-10-23,15:29:54,,,,,71,1,1
2020-10-23,15:29:55,,,,,67,1,1
2020-10-23,15:29:56,,,,,64,1,1
2020-10-23,15:29:57,,,,,63,1,1
2020-10-23,15:29:58,,,,,62,1,1
2020-10-23,15:29:59,,,,,62,1,1
2020-10-23,15:30:00,,,,,63,1,1
2020-10-23,15:30:01,,,,,64,1,1
2020-10-23,15:30:02,,,,,66,1,1
2020-10-23,15:30:03,,,,,67,1,1
2020-10-23,15:30:04,,,,,68,1,1
2020-10-23,15:30:05,,,,,69,1,1
2020-10-23,15:30:06,,,,,70,1,1
2020-10-23,15:30:07,,,,,72,1,1
2020-10-23,15:30:08,,,,,73,1,1
2020-10-23,15:30:09,,,,,74,1,1
2020-10-23,15:30:10,,,,,73,1,1
2020-10-23,15:30:11,,,,,70,1,1
2020-10-23,15:30:12,,,,,69,1,1
2020-10-23,15:30:13,,,,,67,1,1
2020-10-23,15:30:14,,,,,66,1,1
2020-10-23,15:30:15,,,,,65,1,1
2020-10-23,15:30:16,,,,,65,1,1
2020-10-23,15:30:17,,,,,65,1,1
2020-10-23,15:30:18,,,,,66,1,1
2020-10-23,15:30:19,,,,,67,1,1
2020-10-23,15:30:20,,,,,69,1,1
2020-10-23,15:30:21,,,,,70,1,1
2020-10-23,15:30:22,,,,,71,1,1
2020-10-23,15:30:23,,,,,73,1,1
2020-10-23,15:30:24,,,,,75,1,1
2020-10-23,15:30:25,,,,,75,1,1
2020-10-23,15:30:26,,,,,75,1,1
2020-10-23,15:30:27,,,,,76,1,1
2020-10-23,15:30:28,,,,,76,1,1
2020-10-23,15:30:29,,,,,76,1,1
2020-10-23,15:30:30,,,,,76,1,1
2020-10-23,15:30:31,,,,,77,1,1
2020-10-23,15:30:32,,,,,78,1,1
2020-10-23,15:30:33,,,,,80,1,1
2020-10-23,15:30:34,,,,,82,1,1
2020-10-23,15:30:35,,,,,88,1,1
2020-10-23,15:30:36,,,,,85,1,1
2020-10-23,15:30:37,,,,,87,1,1
2020-10-23,15:30:38,,,,,89,1,1
2020-10-23,15:30:39,,,,,90,1,1
2020-10-23,15:30:40,,,,,91,1,1
2020-10-23,15:30:41,,,,,91,1,1
2020-10-23,15:30:42,,,,,90,1,1
2020-10-23,15:30:43,,,,,85,1,1
2020-10-23,15:30:44,,,,,81,1,1
2020-10-23,15:30:45,,,,,79,1,1
2020-10-23,15:30:46,,,,,78,1,1
2020-10-23,15:30:47,,,,,78,1,1
2020-10-23,15:30:48,,,,,77,1,1
2020-10-23,15:30:49,,,,,76,1,1
2020-10-23,15:30:50,,,,,74,1,1
2020-10-23,15:30:51,,,,,72,1,1
2020-10-23,15:30:52,,,,,7,1,1
2020-10-23,15:30:53,,,,,69,1,1
2020-10-23,15:30:54,,,,,69,0,1
2020-10-23,15:30:55,,,,,70,0,1
2020-10-23,15:30:56,,,,,71,0,1
2020-10-23,15:30:57,,,,,71,0,1
2020-10-23,15:30:58,,,,,70,0,1
2020-10-23,15:30:59,,,,,68,0,1
2020-10-23,15:31:00,,,,,66,0,1
2020-10-23,15:31:01,,,,,63,0,1
2020-10-23,15:31:02,,,,,62,0,1
2020-10-23,15:31:03,,,,,62,0,1
2020-10-23,15:31:04,,,,,63,0,1
2020-10-23,15:31:05,,,,,63,0,1
2020-10-23,15:31:06,gps,device0,37.37543370000001,126.92904899999999,63,0,1
2020-10-23,15:31:07,gps,device0,37.37548458,126.9292654,63,0,1
2020-10-23,15:31:08,gps,device0,37.37554971,126.9294797,61,0,1
2020-10-23,15:31:09,gps,device0,37.37561451,126.9297219,60,0,1
2020-10-23,15:31:10,gps,device0,37.37566719,126.92998190000002,58,0,1
2020-10-23,15:31:11,gps,device0,37.37569327,126.93014440000002,57,0,1
2020-10-23,15:31:12,gps,device0,37.375719700000005,126.93034140000002,59,0,1
2020-10-23,15:31:13,gps,device0,37.3757461,126.93054129999999,62,0,1
2020-10-23,15:31:14,gps,device0,37.37577895,126.93074750000001,65,0,1
2020-10-23,15:31:15,gps,device0,37.37580372,126.93093449999999,65,0,1
2020-10-23,15:31:16,gps,device0,37.37582245,126.9311023,66,0,1
2020-10-23,15:31:17,gps,device0,37.37584278,126.93127,67,0,1
2020-10-23,15:31:18,gps,device0,37.37586115,126.9314361,68,0,1
2020-10-23,15:31:19,gps,device0,37.37587724,126.93159909999999,68,0,1
2020-10-23,15:31:20,gps,device0,37.37589714,126.9317712,69,0,1
2020-10-23,15:31:21,gps,device0,37.37592405,126.9319485,70,0,1
2020-10-23,15:31:22,gps,device0,37.37595117,126.93212820000001,71,0,1
2020-10-23,15:31:23,gps,device0,37.37597792,126.93230690000001,73,0,1
2020-10-23,15:31:24,gps,device0,37.37600338,126.9324854,79,0,0
2020-10-23,15:31:25,gps,device0,37.37602674,126.9326632,85,0,0
2020-10-23,15:31:26,gps,device0,37.37604842,126.9328372,84,1,0
